--
-- PostgreSQL database dump
--

-- Dumped from database version 13.2
-- Dumped by pg_dump version 13.2

SET statement_timeout = 0;
SET lock_timeout = 0;
SET idle_in_transaction_session_timeout = 0;
SET client_encoding = 'UTF8';
SET standard_conforming_strings = on;
SELECT pg_catalog.set_config('search_path', '', false);
SET check_function_bodies = false;
SET xmloption = content;
SET client_min_messages = warning;
SET row_security = off;

SET default_tablespace = '';

SET default_table_access_method = heap;

--
-- Name: applicant_availability; Type: TABLE; Schema: public; Owner: postgres
--

CREATE TABLE public.applicant_availability (
    id integer NOT NULL,
    from_date date NOT NULL,
    to_date date NOT NULL,
    person_id integer NOT NULL,
    application_id integer
);


ALTER TABLE public.applicant_availability OWNER TO postgres;

--
-- Name: applicant_availability_id_seq; Type: SEQUENCE; Schema: public; Owner: postgres
--

CREATE SEQUENCE public.applicant_availability_id_seq
    AS integer
    START WITH 1
    INCREMENT BY 1
    NO MINVALUE
    NO MAXVALUE
    CACHE 1;


ALTER TABLE public.applicant_availability_id_seq OWNER TO postgres;

--
-- Name: applicant_availability_id_seq; Type: SEQUENCE OWNED BY; Schema: public; Owner: postgres
--

ALTER SEQUENCE public.applicant_availability_id_seq OWNED BY public.applicant_availability.id;


--
-- Name: application; Type: TABLE; Schema: public; Owner: postgres
--

CREATE TABLE public.application (
    id integer NOT NULL,
    years_of_experience double precision NOT NULL,
    competence_id integer NOT NULL,
    person_id integer NOT NULL
);


ALTER TABLE public.application OWNER TO postgres;

--
-- Name: application_id_seq; Type: SEQUENCE; Schema: public; Owner: postgres
--

CREATE SEQUENCE public.application_id_seq
    AS integer
    START WITH 1
    INCREMENT BY 1
    NO MINVALUE
    NO MAXVALUE
    CACHE 1;


ALTER TABLE public.application_id_seq OWNER TO postgres;

--
-- Name: application_id_seq; Type: SEQUENCE OWNED BY; Schema: public; Owner: postgres
--

ALTER SEQUENCE public.application_id_seq OWNED BY public.application.id;


--
-- Name: application_status; Type: TABLE; Schema: public; Owner: postgres
--

CREATE TABLE public.application_status (
    id integer NOT NULL,
    decision character varying(50) NOT NULL,
    recruiter_id integer,
    application_id integer NOT NULL
);


ALTER TABLE public.application_status OWNER TO postgres;

--
-- Name: application_status_id_seq; Type: SEQUENCE; Schema: public; Owner: postgres
--

CREATE SEQUENCE public.application_status_id_seq
    AS integer
    START WITH 1
    INCREMENT BY 1
    NO MINVALUE
    NO MAXVALUE
    CACHE 1;


ALTER TABLE public.application_status_id_seq OWNER TO postgres;

--
-- Name: application_status_id_seq; Type: SEQUENCE OWNED BY; Schema: public; Owner: postgres
--

ALTER SEQUENCE public.application_status_id_seq OWNED BY public.application_status.id;


--
-- Name: competence; Type: TABLE; Schema: public; Owner: postgres
--

CREATE TABLE public.competence (
    id integer NOT NULL,
    type character varying(100) NOT NULL,
    job_id integer NOT NULL
);


ALTER TABLE public.competence OWNER TO postgres;

--
-- Name: competence_id_seq; Type: SEQUENCE; Schema: public; Owner: postgres
--

CREATE SEQUENCE public.competence_id_seq
    AS integer
    START WITH 1
    INCREMENT BY 1
    NO MINVALUE
    NO MAXVALUE
    CACHE 1;


ALTER TABLE public.competence_id_seq OWNER TO postgres;

--
-- Name: competence_id_seq; Type: SEQUENCE OWNED BY; Schema: public; Owner: postgres
--

ALTER SEQUENCE public.competence_id_seq OWNED BY public.competence.id;


--
-- Name: job; Type: TABLE; Schema: public; Owner: postgres
--

CREATE TABLE public.job (
    id integer NOT NULL,
    name character varying(100) NOT NULL
);


ALTER TABLE public.job OWNER TO postgres;

--
-- Name: job_id_seq; Type: SEQUENCE; Schema: public; Owner: postgres
--

CREATE SEQUENCE public.job_id_seq
    AS integer
    START WITH 1
    INCREMENT BY 1
    NO MINVALUE
    NO MAXVALUE
    CACHE 1;


ALTER TABLE public.job_id_seq OWNER TO postgres;

--
-- Name: job_id_seq; Type: SEQUENCE OWNED BY; Schema: public; Owner: postgres
--

ALTER SEQUENCE public.job_id_seq OWNED BY public.job.id;


--
-- Name: login_info; Type: TABLE; Schema: public; Owner: postgres
--

CREATE TABLE public.login_info (
    id integer NOT NULL,
    email character varying(100),
    password character varying(500),
    username character varying(100),
    person_id integer NOT NULL
);


ALTER TABLE public.login_info OWNER TO postgres;

--
-- Name: login_info_id_seq; Type: SEQUENCE; Schema: public; Owner: postgres
--

CREATE SEQUENCE public.login_info_id_seq
    AS integer
    START WITH 1
    INCREMENT BY 1
    NO MINVALUE
    NO MAXVALUE
    CACHE 1;


ALTER TABLE public.login_info_id_seq OWNER TO postgres;

--
-- Name: login_info_id_seq; Type: SEQUENCE OWNED BY; Schema: public; Owner: postgres
--

ALTER SEQUENCE public.login_info_id_seq OWNED BY public.login_info.id;


--
-- Name: person; Type: TABLE; Schema: public; Owner: postgres
--

CREATE TABLE public.person (
    id integer NOT NULL,
    first_name character varying(100) NOT NULL,
    last_name character varying(100) NOT NULL,
    personal_number character varying(13),
    role_id integer NOT NULL
);


ALTER TABLE public.person OWNER TO postgres;

--
-- Name: person_id_seq; Type: SEQUENCE; Schema: public; Owner: postgres
--

CREATE SEQUENCE public.person_id_seq
    AS integer
    START WITH 1
    INCREMENT BY 1
    NO MINVALUE
    NO MAXVALUE
    CACHE 1;


ALTER TABLE public.person_id_seq OWNER TO postgres;

--
-- Name: person_id_seq; Type: SEQUENCE OWNED BY; Schema: public; Owner: postgres
--

ALTER SEQUENCE public.person_id_seq OWNED BY public.person.id;


--
-- Name: role; Type: TABLE; Schema: public; Owner: postgres
--

CREATE TABLE public.role (
    id integer NOT NULL,
    type character varying(100) NOT NULL
);


ALTER TABLE public.role OWNER TO postgres;

--
-- Name: role_id_seq; Type: SEQUENCE; Schema: public; Owner: postgres
--

CREATE SEQUENCE public.role_id_seq
    AS integer
    START WITH 1
    INCREMENT BY 1
    NO MINVALUE
    NO MAXVALUE
    CACHE 1;


ALTER TABLE public.role_id_seq OWNER TO postgres;

--
-- Name: role_id_seq; Type: SEQUENCE OWNED BY; Schema: public; Owner: postgres
--

ALTER SEQUENCE public.role_id_seq OWNED BY public.role.id;


--
-- Name: applicant_availability id; Type: DEFAULT; Schema: public; Owner: postgres
--

ALTER TABLE ONLY public.applicant_availability ALTER COLUMN id SET DEFAULT nextval('public.applicant_availability_id_seq'::regclass);


--
-- Name: application id; Type: DEFAULT; Schema: public; Owner: postgres
--

ALTER TABLE ONLY public.application ALTER COLUMN id SET DEFAULT nextval('public.application_id_seq'::regclass);


--
-- Name: application_status id; Type: DEFAULT; Schema: public; Owner: postgres
--

ALTER TABLE ONLY public.application_status ALTER COLUMN id SET DEFAULT nextval('public.application_status_id_seq'::regclass);


--
-- Name: competence id; Type: DEFAULT; Schema: public; Owner: postgres
--

ALTER TABLE ONLY public.competence ALTER COLUMN id SET DEFAULT nextval('public.competence_id_seq'::regclass);


--
-- Name: job id; Type: DEFAULT; Schema: public; Owner: postgres
--

ALTER TABLE ONLY public.job ALTER COLUMN id SET DEFAULT nextval('public.job_id_seq'::regclass);


--
-- Name: login_info id; Type: DEFAULT; Schema: public; Owner: postgres
--

ALTER TABLE ONLY public.login_info ALTER COLUMN id SET DEFAULT nextval('public.login_info_id_seq'::regclass);


--
-- Name: person id; Type: DEFAULT; Schema: public; Owner: postgres
--

ALTER TABLE ONLY public.person ALTER COLUMN id SET DEFAULT nextval('public.person_id_seq'::regclass);


--
-- Name: role id; Type: DEFAULT; Schema: public; Owner: postgres
--

ALTER TABLE ONLY public.role ALTER COLUMN id SET DEFAULT nextval('public.role_id_seq'::regclass);


--
-- Data for Name: applicant_availability; Type: TABLE DATA; Schema: public; Owner: postgres
--

COPY public.applicant_availability (id, from_date, to_date, person_id, application_id) FROM stdin;
18260	2019-09-07	2019-10-07	547	\N
18261	2018-05-18	2018-06-18	781	\N
18262	2019-09-06	2019-10-06	686	\N
18263	2021-07-15	2021-08-15	93	\N
18264	2018-09-10	2018-10-10	325	\N
18265	2021-05-02	2021-06-02	797	\N
18266	2019-09-08	2019-10-08	335	\N
18267	2018-09-26	2018-10-26	201	\N
18268	2021-05-19	2021-06-19	807	\N
18269	2021-05-05	2021-06-05	423	\N
18270	2018-08-18	2018-09-18	789	\N
18271	2020-05-02	2020-06-02	117	\N
18272	2020-06-06	2020-07-06	19	\N
18273	2020-07-29	2020-08-29	808	\N
18274	2020-05-31	2020-06-30	267	\N
18275	2019-07-04	2019-08-04	372	\N
18276	2021-07-29	2021-08-29	47	\N
18277	2020-06-15	2020-07-15	361	\N
18278	2020-05-12	2020-06-12	394	\N
18279	2019-06-26	2019-07-26	456	\N
18280	2019-05-24	2019-06-24	615	\N
18281	2018-07-28	2018-08-28	398	\N
18282	2020-05-08	2020-06-08	536	\N
18283	2021-05-12	2021-06-12	309	\N
18284	2020-06-26	2020-07-26	584	\N
18285	2018-05-25	2018-06-25	761	\N
18286	2020-05-08	2020-06-08	965	\N
18287	2019-05-21	2019-06-21	526	\N
18288	2021-06-06	2021-07-06	670	\N
18289	2019-07-18	2019-08-18	154	\N
18290	2020-08-07	2020-09-07	574	\N
18291	2018-07-08	2018-08-08	957	\N
18292	2020-08-15	2020-09-15	861	\N
18293	2021-06-07	2021-07-07	388	\N
18294	2019-09-11	2019-10-11	352	\N
18295	2019-05-22	2019-06-22	571	\N
18296	2019-06-09	2019-07-09	994	\N
18297	2020-06-23	2020-07-23	499	\N
18298	2018-07-10	2018-08-10	493	\N
18299	2018-09-24	2018-10-24	567	\N
18300	2020-09-08	2020-10-08	45	\N
18301	2020-09-22	2020-10-22	772	\N
18302	2019-05-27	2019-06-27	862	\N
18303	2018-09-23	2018-10-23	95	\N
18304	2019-07-18	2019-08-18	516	\N
18305	2021-08-25	2021-09-25	354	\N
18306	2019-06-23	2019-07-23	349	\N
18307	2018-07-13	2018-08-13	1000	\N
18308	2018-05-25	2018-06-25	936	\N
18309	2021-06-19	2021-07-19	192	\N
18310	2018-07-31	2018-08-31	71	\N
18311	2021-08-12	2021-09-12	924	\N
18312	2021-06-05	2021-07-05	643	\N
18313	2020-05-05	2020-06-05	588	\N
18314	2019-06-01	2019-07-01	948	\N
18315	2021-05-27	2021-06-27	720	\N
18316	2021-09-15	2021-10-15	316	\N
18317	2021-09-17	2021-10-17	671	\N
18318	2020-08-09	2020-09-09	756	\N
18319	2018-06-25	2018-07-25	221	\N
18320	2018-05-17	2018-06-17	247	\N
18321	2020-07-05	2020-08-05	479	\N
18322	2018-09-26	2018-10-26	102	\N
18323	2019-07-14	2019-08-14	202	\N
18324	2020-08-15	2020-09-15	558	\N
18325	2018-06-19	2018-07-19	457	\N
18326	2020-06-13	2020-07-13	809	\N
18327	2019-07-31	2019-08-31	572	\N
18328	2021-05-23	2021-06-23	62	\N
18329	2020-08-23	2020-09-23	499	\N
18330	2019-08-28	2019-09-28	145	\N
18331	2020-07-01	2020-08-01	744	\N
18332	2019-07-27	2019-08-27	862	\N
18333	2019-08-18	2019-09-18	665	\N
18334	2019-05-12	2019-06-12	827	\N
18335	2021-05-09	2021-06-09	742	\N
18336	2018-06-29	2018-07-29	817	\N
18337	2018-05-07	2018-06-07	463	\N
18338	2018-09-03	2018-10-03	901	\N
18339	2018-05-10	2018-06-10	801	\N
18340	2020-05-16	2020-06-16	865	\N
18341	2021-05-09	2021-06-09	339	\N
18342	2021-05-18	2021-06-18	721	\N
18343	2018-05-11	2018-06-11	280	\N
18344	2021-07-22	2021-08-22	498	\N
18345	2018-07-25	2018-08-25	761	\N
18346	2020-09-25	2020-10-25	549	\N
18347	2020-09-10	2020-10-10	237	\N
18348	2020-05-06	2020-06-06	769	\N
18349	2021-08-22	2021-09-22	776	\N
18350	2020-05-28	2020-06-28	737	\N
18351	2021-07-25	2021-08-25	428	\N
18352	2020-08-28	2020-09-28	815	\N
18353	2018-08-25	2018-09-25	444	\N
18354	2018-07-07	2018-08-07	975	\N
18355	2018-08-04	2018-09-04	525	\N
18356	2021-09-20	2021-10-20	596	\N
18357	2021-07-03	2021-08-03	527	\N
18358	2021-08-04	2021-09-04	307	\N
18359	2019-07-27	2019-08-27	94	\N
18360	2021-07-24	2021-08-24	411	\N
18361	2020-05-17	2020-06-17	760	\N
18362	2020-07-28	2020-08-28	234	\N
18363	2019-08-06	2019-09-06	258	\N
18364	2019-05-12	2019-06-12	265	\N
18365	2018-09-26	2018-10-26	610	\N
18366	2019-09-12	2019-10-12	920	\N
18367	2018-07-17	2018-08-17	236	\N
18368	2021-09-03	2021-10-03	527	\N
18369	2021-08-06	2021-09-06	661	\N
18370	2020-06-22	2020-07-22	282	\N
18371	2018-05-12	2018-06-12	324	\N
18372	2019-08-18	2019-09-18	764	\N
18373	2020-08-06	2020-09-06	783	\N
18374	2021-05-26	2021-06-26	141	\N
18375	2020-09-08	2020-10-08	390	\N
18376	2020-04-30	2020-05-31	954	\N
18377	2020-07-12	2020-08-12	523	\N
18378	2018-06-12	2018-07-12	462	\N
18379	2021-09-26	2021-10-26	365	\N
18380	2020-07-01	2020-08-01	148	\N
18381	2018-06-26	2018-07-26	442	\N
18382	2021-09-12	2021-10-12	748	\N
18383	2019-06-17	2019-07-17	49	\N
18384	2020-08-02	2020-09-02	241	\N
18385	2018-09-27	2018-10-27	158	\N
18386	2019-05-06	2019-06-06	66	\N
18387	2020-07-31	2020-08-31	376	\N
18388	2020-07-31	2020-08-31	981	\N
18389	2018-05-17	2018-06-17	595	\N
18390	2019-05-16	2019-06-16	978	\N
18391	2021-09-09	2021-10-09	559	\N
18392	2020-08-12	2020-09-12	412	\N
18393	2018-05-31	2018-06-30	820	\N
18394	2018-08-31	2018-09-30	534	\N
18395	2020-07-02	2020-08-02	117	\N
18396	2019-07-16	2019-08-16	978	\N
18397	2019-09-10	2019-10-10	873	\N
18398	2019-07-07	2019-08-07	63	\N
18399	2019-06-06	2019-07-06	879	\N
18400	2018-06-05	2018-07-05	226	\N
18401	2021-06-27	2021-07-27	465	\N
18402	2019-09-17	2019-10-17	425	\N
18403	2019-05-06	2019-06-06	81	\N
18404	2021-05-21	2021-06-21	274	\N
18405	2021-05-17	2021-06-17	878	\N
18406	2019-08-24	2019-09-24	169	\N
18407	2019-09-17	2019-10-17	952	\N
18408	2018-08-19	2018-09-19	402	\N
18409	2021-07-03	2021-08-03	262	\N
18410	2019-08-18	2019-09-18	375	\N
18411	2020-05-29	2020-06-29	197	\N
18412	2021-05-04	2021-06-04	795	\N
18413	2019-08-24	2019-09-24	749	\N
18414	2020-09-18	2020-10-18	679	\N
18415	2019-09-16	2019-10-16	978	\N
18416	2018-05-12	2018-06-12	301	\N
18417	2021-05-19	2021-06-19	328	\N
18418	2019-05-09	2019-06-09	312	\N
18419	2020-07-06	2020-08-06	769	\N
18420	2020-08-06	2020-09-06	598	\N
18421	2021-06-12	2021-07-12	621	\N
18422	2018-06-22	2018-07-22	543	\N
18423	2021-09-22	2021-10-22	498	\N
18424	2019-05-24	2019-06-24	567	\N
18425	2019-05-11	2019-06-11	983	\N
18426	2018-08-18	2018-09-18	310	\N
18427	2021-06-08	2021-07-08	697	\N
18428	2019-05-25	2019-06-25	973	\N
18429	2019-05-24	2019-06-24	793	\N
18430	2020-09-28	2020-10-28	437	\N
18431	2019-09-22	2019-10-22	717	\N
18432	2020-07-16	2020-08-16	865	\N
18433	2019-07-12	2019-08-12	389	\N
18434	2020-05-13	2020-06-13	338	\N
18435	2020-09-02	2020-10-02	117	\N
18436	2021-07-17	2021-08-17	214	\N
18437	2019-06-23	2019-07-23	585	\N
18438	2021-08-20	2021-09-20	620	\N
18439	2020-05-16	2020-06-16	978	\N
18440	2020-05-26	2020-06-26	33	\N
18441	2020-05-16	2020-06-16	897	\N
18442	2021-07-23	2021-08-23	108	\N
18443	2018-09-04	2018-10-04	803	\N
18444	2019-05-24	2019-06-24	847	\N
18445	2020-05-24	2020-06-24	749	\N
18446	2019-08-15	2019-09-15	882	\N
18447	2021-07-27	2021-08-27	183	\N
18448	2021-07-28	2021-08-28	658	\N
18449	2018-07-17	2018-08-17	928	\N
18450	2020-07-16	2020-08-16	897	\N
18451	2019-05-07	2019-06-07	702	\N
18452	2018-05-15	2018-06-15	360	\N
18453	2019-05-02	2019-06-02	194	\N
18454	2020-07-30	2020-08-30	267	\N
18455	2019-05-09	2019-06-09	762	\N
18456	2020-06-14	2020-07-14	606	\N
18457	2020-05-05	2020-06-05	290	\N
18458	2019-05-23	2019-06-23	181	\N
18459	2021-08-28	2021-09-28	855	\N
18460	2018-06-12	2018-07-12	971	\N
18461	2018-08-29	2018-09-29	817	\N
18462	2020-05-22	2020-06-22	164	\N
18463	2019-05-11	2019-06-11	510	\N
18464	2019-06-11	2019-07-11	932	\N
18465	2020-05-13	2020-06-13	500	\N
18466	2021-06-06	2021-07-06	1002	\N
18467	2021-07-21	2021-08-21	993	\N
18468	2018-08-11	2018-09-11	575	\N
18469	2021-05-08	2021-06-08	45	\N
18470	2021-09-28	2021-10-28	658	\N
18471	2021-09-17	2021-10-17	718	\N
18472	2021-07-29	2021-08-29	180	\N
18473	2019-08-10	2019-09-10	884	\N
18474	2018-07-06	2018-08-06	345	\N
18475	2020-06-04	2020-07-04	603	\N
18476	2021-09-03	2021-10-03	710	\N
18477	2020-06-22	2020-07-22	64	\N
18478	2018-06-09	2018-07-09	475	\N
18479	2018-09-27	2018-10-27	193	\N
18480	2021-05-13	2021-06-13	915	\N
18481	2018-05-09	2018-06-09	953	\N
18482	2021-05-08	2021-06-08	594	\N
18483	2020-05-26	2020-06-26	663	\N
18484	2020-05-11	2020-06-11	637	\N
18485	2018-05-18	2018-06-18	314	\N
18486	2020-05-14	2020-06-14	921	\N
18487	2019-05-14	2019-06-14	170	\N
18488	2018-09-07	2018-10-07	991	\N
18489	2020-09-22	2020-10-22	851	\N
18490	2021-06-20	2021-07-20	517	\N
18491	2018-09-13	2018-10-13	476	\N
18492	2021-08-24	2021-09-24	531	\N
18493	2021-07-08	2021-08-08	594	\N
18494	2021-07-18	2021-08-18	721	\N
18495	2021-09-03	2021-10-03	556	\N
18496	2019-09-15	2019-10-15	133	\N
18497	2021-05-23	2021-06-23	405	\N
18498	2021-08-12	2021-09-12	826	\N
18499	2019-08-31	2019-09-30	867	\N
18500	2020-08-06	2020-09-06	19	\N
18501	2019-05-25	2019-06-25	444	\N
18502	2019-06-07	2019-07-07	513	\N
18503	2019-06-03	2019-07-03	34	\N
18504	2021-09-29	2021-10-29	47	\N
18505	2019-05-13	2019-06-13	996	\N
18506	2019-09-27	2019-10-27	466	\N
18507	2020-09-26	2020-10-26	331	\N
18508	2020-05-15	2020-06-15	257	\N
18509	2018-08-19	2018-09-19	167	\N
18510	2020-07-08	2020-08-08	592	\N
18511	2019-09-09	2019-10-09	518	\N
18512	2021-07-06	2021-08-06	362	\N
18513	2019-07-31	2019-08-31	97	\N
18514	2021-05-10	2021-06-10	999	\N
18515	2019-05-15	2019-06-15	396	\N
18516	2019-08-09	2019-09-09	705	\N
18517	2021-08-19	2021-09-19	192	\N
18518	2020-07-20	2020-08-20	187	\N
18519	2021-05-02	2021-06-02	241	\N
18520	2020-09-09	2020-10-09	622	\N
18521	2020-08-22	2020-09-22	64	\N
18522	2021-08-04	2021-09-04	92	\N
18523	2021-05-16	2021-06-16	713	\N
18524	2020-08-13	2020-09-13	959	\N
18525	2019-09-05	2019-10-05	106	\N
18526	2018-07-11	2018-08-11	280	\N
18527	2021-07-11	2021-08-11	551	\N
18528	2020-05-15	2020-06-15	249	\N
18529	2021-05-26	2021-06-26	91	\N
18530	2020-07-17	2020-08-17	24	\N
18531	2019-09-19	2019-10-19	719	\N
18532	2020-09-01	2020-10-01	148	\N
18533	2020-09-15	2020-10-15	914	\N
18534	2019-07-11	2019-08-11	510	\N
18535	2019-07-23	2019-08-23	472	\N
18536	2020-08-15	2020-09-15	962	\N
18537	2021-09-07	2021-10-07	41	\N
18538	2020-05-17	2020-06-17	425	\N
18539	2021-06-23	2021-07-23	161	\N
18540	2018-07-05	2018-08-05	774	\N
18541	2020-05-27	2020-06-27	12	\N
18542	2020-06-18	2020-07-18	708	\N
18543	2021-06-21	2021-07-21	813	\N
18544	2018-05-13	2018-06-13	377	\N
18545	2021-06-29	2021-07-29	435	\N
18546	2019-05-13	2019-06-13	476	\N
18547	2019-05-27	2019-06-27	158	\N
18548	2020-07-23	2020-08-23	287	\N
18549	2019-05-10	2019-06-10	325	\N
18550	2021-08-27	2021-09-27	900	\N
18551	2018-08-07	2018-09-07	511	\N
18552	2020-06-01	2020-07-01	982	\N
18553	2019-05-14	2019-06-14	528	\N
18554	2018-08-02	2018-09-02	799	\N
18555	2021-07-16	2021-08-16	89	\N
18556	2020-09-14	2020-10-14	766	\N
18557	2019-06-25	2019-07-25	988	\N
18558	2021-09-16	2021-10-16	89	\N
18559	2019-07-11	2019-08-11	845	\N
18560	2020-05-11	2020-06-11	1006	\N
18561	2021-09-17	2021-10-17	487	\N
18562	2019-07-24	2019-08-24	567	\N
18563	2020-09-13	2020-10-13	122	\N
18564	2019-05-01	2019-06-01	473	\N
18565	2020-07-21	2020-08-21	554	\N
18566	2018-08-04	2018-09-04	998	\N
18567	2018-08-31	2018-09-30	21	\N
18568	2020-05-15	2020-06-15	189	\N
18569	2021-05-15	2021-06-15	962	\N
18570	2021-05-06	2021-06-06	19	\N
18571	2018-08-22	2018-09-22	543	\N
18572	2021-06-29	2021-07-29	890	\N
18573	2021-06-30	2021-07-31	173	\N
18574	2018-08-17	2018-09-17	53	\N
18575	2021-07-27	2021-08-27	720	\N
18576	2020-05-02	2020-06-02	120	\N
18577	2018-04-30	2018-05-31	393	\N
18578	2019-09-11	2019-10-11	845	\N
18579	2021-09-10	2021-10-10	215	\N
18580	2019-05-22	2019-06-22	885	\N
18581	2020-09-01	2020-10-01	439	\N
18582	2021-05-04	2021-06-04	514	\N
18583	2019-06-24	2019-07-24	28	\N
18584	2018-08-12	2018-09-12	971	\N
18585	2019-05-22	2019-06-22	543	\N
18586	2021-05-01	2021-06-01	148	\N
18587	2019-05-02	2019-06-02	250	\N
18588	2018-05-28	2018-06-28	270	\N
18589	2021-05-13	2021-06-13	122	\N
18590	2020-06-02	2020-07-02	778	\N
18591	2020-06-07	2020-07-07	501	\N
18592	2018-06-03	2018-07-03	480	\N
18593	2020-07-08	2020-08-08	115	\N
18594	2018-08-16	2018-09-16	44	\N
18595	2019-05-18	2019-06-18	225	\N
18596	2019-05-25	2019-06-25	13	\N
18597	2021-05-20	2021-06-20	497	\N
18598	2018-08-09	2018-09-09	475	\N
18599	2021-05-18	2021-06-18	579	\N
18600	2019-08-16	2019-09-16	763	\N
18601	2018-05-25	2018-06-25	771	\N
18602	2018-06-28	2018-07-28	156	\N
18603	2020-08-13	2020-09-13	809	\N
18604	2020-10-01	2020-11-01	981	\N
18605	2020-05-24	2020-06-24	169	\N
18606	2019-04-30	2019-05-31	419	\N
18607	2019-05-27	2019-06-27	910	\N
18608	2021-05-18	2021-06-18	679	\N
18609	2018-08-10	2018-09-10	561	\N
18610	2019-08-17	2019-09-17	271	\N
18611	2020-08-09	2020-09-09	672	\N
18612	2021-07-18	2021-08-18	679	\N
18613	2018-07-30	2018-08-30	820	\N
18614	2019-04-30	2019-05-31	58	\N
18615	2021-06-25	2021-07-25	253	\N
18616	2019-05-13	2019-06-13	245	\N
18617	2018-05-23	2018-06-23	409	\N
18618	2020-06-12	2020-07-12	263	\N
18619	2020-07-31	2020-08-31	616	\N
18620	2020-07-25	2020-08-25	540	\N
18621	2018-08-24	2018-09-24	319	\N
18622	2018-07-16	2018-08-16	471	\N
18623	2019-09-19	2019-10-19	132	\N
18624	2019-07-13	2019-08-13	996	\N
18625	2020-05-03	2020-06-03	432	\N
18626	2019-05-06	2019-06-06	636	\N
18627	2019-07-31	2019-08-31	580	\N
18628	2018-07-23	2018-08-23	409	\N
18629	2020-08-10	2020-09-10	985	\N
18630	2020-06-06	2020-07-06	903	\N
18631	2020-06-19	2020-07-19	872	\N
18632	2020-05-27	2020-06-27	466	\N
18633	2019-08-10	2019-09-10	848	\N
18634	2021-09-03	2021-10-03	262	\N
18635	2019-05-12	2019-06-12	923	\N
18636	2018-09-18	2018-10-18	15	\N
18637	2019-09-21	2019-10-21	607	\N
18638	2021-07-15	2021-08-15	962	\N
18639	2018-07-17	2018-08-17	337	\N
18640	2021-05-03	2021-06-03	268	\N
18641	2020-05-11	2020-06-11	845	\N
18642	2020-05-17	2020-06-17	271	\N
18643	2021-07-01	2021-08-01	864	\N
18644	2020-07-15	2020-08-15	249	\N
18645	2019-05-04	2019-06-04	735	\N
18646	2020-07-15	2020-08-15	733	\N
18647	2018-07-15	2018-08-15	577	\N
18648	2018-09-18	2018-10-18	837	\N
18649	2018-08-20	2018-09-20	821	\N
18650	2020-05-30	2020-06-30	867	\N
18651	2018-08-04	2018-09-04	478	\N
18652	2021-08-13	2021-09-13	163	\N
18653	2021-05-26	2021-06-26	645	\N
18654	2018-07-31	2018-08-31	403	\N
18655	2018-05-08	2018-06-08	48	\N
18656	2021-07-14	2021-08-14	406	\N
18657	2021-05-09	2021-06-09	218	\N
18658	2020-07-29	2020-08-29	767	\N
18659	2019-07-07	2019-08-07	702	\N
18660	2020-09-15	2020-10-15	249	\N
18661	2018-09-10	2018-10-10	486	\N
18662	2019-08-01	2019-09-01	948	\N
18663	2019-06-16	2019-07-16	74	\N
18664	2018-06-04	2018-07-04	908	\N
18665	2020-06-21	2020-07-21	211	\N
18666	2020-07-08	2020-08-08	625	\N
18667	2020-09-06	2020-10-06	805	\N
18668	2018-05-29	2018-06-29	198	\N
18669	2020-07-01	2020-08-01	112	\N
18670	2021-05-20	2021-06-20	960	\N
18671	2020-09-09	2020-10-09	371	\N
18672	2018-08-25	2018-09-25	544	\N
18673	2018-07-17	2018-08-17	595	\N
18674	2020-09-08	2020-10-08	115	\N
18675	2021-09-08	2021-10-08	87	\N
18676	2019-08-15	2019-09-15	562	\N
18677	2018-05-09	2018-06-09	17	\N
18678	2019-05-25	2019-06-25	68	\N
18679	2021-09-25	2021-10-25	428	\N
18680	2019-07-22	2019-08-22	543	\N
18681	2019-09-03	2019-10-03	564	\N
18682	2020-05-21	2020-06-21	607	\N
18683	2019-08-19	2019-09-19	520	\N
18684	2018-08-28	2018-09-28	156	\N
18685	2020-05-07	2020-06-07	379	\N
18686	2020-05-15	2020-06-15	143	\N
18687	2020-07-22	2020-08-22	164	\N
18688	2018-06-07	2018-07-07	16	\N
18689	2020-07-26	2020-08-26	599	\N
18690	2019-05-21	2019-06-21	283	\N
18691	2021-09-26	2021-10-26	898	\N
18692	2020-08-12	2020-09-12	263	\N
18693	2019-06-09	2019-07-09	934	\N
18694	2021-08-28	2021-09-28	399	\N
18695	2021-06-02	2021-07-02	843	\N
18696	2018-08-26	2018-09-26	442	\N
18697	2019-08-08	2019-09-08	1003	\N
18698	2019-08-08	2019-09-08	768	\N
18699	2020-07-07	2020-08-07	379	\N
18700	2019-07-09	2019-08-09	22	\N
18701	2018-07-27	2018-08-27	216	\N
18702	2018-08-14	2018-09-14	230	\N
18703	2021-07-11	2021-08-11	256	\N
18704	2019-08-06	2019-09-06	879	\N
18705	2020-05-14	2020-06-14	732	\N
18706	2019-05-20	2019-06-20	821	\N
18707	2020-08-17	2020-09-17	504	\N
18708	2020-07-20	2020-08-20	650	\N
18709	2018-08-15	2018-09-15	508	\N
18710	2018-07-14	2018-08-14	359	\N
18711	2020-06-23	2020-07-23	590	\N
18712	2018-05-21	2018-06-21	464	\N
18713	2020-09-30	2020-10-30	267	\N
18714	2021-08-12	2021-09-12	792	\N
18715	2020-07-11	2020-08-11	1006	\N
18716	2019-05-09	2019-06-09	941	\N
18717	2018-06-23	2018-07-23	292	\N
18718	2018-09-27	2018-10-27	37	\N
18719	2020-09-23	2020-10-23	391	\N
18720	2019-05-23	2019-06-23	95	\N
18721	2021-05-16	2021-06-16	678	\N
18722	2019-05-26	2019-06-26	961	\N
18723	2020-07-28	2020-08-28	737	\N
18724	2021-07-19	2021-08-19	807	\N
18725	2019-07-25	2019-08-25	68	\N
18726	2021-05-07	2021-06-07	61	\N
18727	2020-06-26	2020-07-26	289	\N
18728	2019-06-27	2019-07-27	677	\N
18729	2019-08-01	2019-09-01	684	\N
18730	2020-07-05	2020-08-05	818	\N
18731	2020-08-11	2020-09-11	153	\N
18732	2019-05-22	2019-06-22	322	\N
18733	2020-05-04	2020-06-04	124	\N
18734	2020-09-23	2020-10-23	287	\N
18735	2020-06-24	2020-07-24	892	\N
18736	2019-08-16	2019-09-16	74	\N
18737	2019-05-26	2019-06-26	201	\N
18738	2019-07-27	2019-08-27	158	\N
18739	2020-05-09	2020-06-09	705	\N
18740	2021-09-21	2021-10-21	993	\N
18741	2019-05-20	2019-06-20	327	\N
18742	2021-07-17	2021-08-17	704	\N
18743	2021-09-22	2021-10-22	647	\N
18744	2021-08-31	2021-10-01	173	\N
18745	2019-05-23	2019-06-23	552	\N
18746	2020-09-19	2020-10-19	944	\N
18747	2021-07-19	2021-08-19	346	\N
18748	2021-05-22	2021-06-22	851	\N
18749	2019-09-07	2019-10-07	702	\N
18750	2018-08-15	2018-09-15	20	\N
18751	2021-07-04	2021-08-04	353	\N
18752	2019-08-09	2019-09-09	934	\N
18753	2020-07-26	2020-08-26	86	\N
18754	2019-05-11	2019-06-11	298	\N
18755	2019-07-10	2019-08-10	447	\N
18756	2019-05-20	2019-06-20	165	\N
18757	2021-07-04	2021-08-04	369	\N
18758	2021-09-06	2021-10-06	362	\N
18759	2019-05-07	2019-06-07	991	\N
18760	2018-05-12	2018-06-12	858	\N
18761	2019-05-10	2019-06-10	486	\N
18762	2020-05-05	2020-06-05	451	\N
18763	2020-09-11	2020-10-11	1006	\N
18764	2019-07-14	2019-08-14	528	\N
18765	2021-06-14	2021-07-14	506	\N
18766	2019-08-11	2019-09-11	932	\N
18767	2021-05-01	2021-06-01	939	\N
18768	2020-05-11	2020-06-11	329	\N
18769	2018-07-08	2018-08-08	871	\N
18770	2018-07-07	2018-08-07	846	\N
18771	2020-05-17	2020-06-17	952	\N
18772	2019-05-09	2019-06-09	475	\N
18773	2019-05-01	2019-06-01	196	\N
18774	2019-05-15	2019-06-15	20	\N
18775	2021-05-01	2021-06-01	842	\N
18776	2019-10-01	2019-11-01	572	\N
18777	2021-07-11	2021-08-11	421	\N
18778	2018-08-03	2018-09-03	480	\N
18779	2021-09-19	2021-10-19	807	\N
18780	2018-07-13	2018-08-13	1008	\N
18781	2021-06-29	2021-07-29	232	\N
18782	2018-07-25	2018-08-25	771	\N
18783	2019-07-09	2019-08-09	475	\N
18784	2020-07-26	2020-08-26	33	\N
18785	2021-05-12	2021-06-12	529	\N
18786	2021-09-24	2021-10-24	970	\N
18787	2020-07-12	2020-08-12	386	\N
18788	2019-07-27	2019-08-27	910	\N
18789	2019-09-26	2019-10-26	576	\N
18790	2019-05-17	2019-06-17	53	\N
18791	2020-05-22	2020-06-22	717	\N
18792	2019-08-16	2019-09-16	104	\N
18793	2020-05-06	2020-06-06	11	\N
18794	2018-09-08	2018-10-08	871	\N
18795	2021-08-27	2021-09-27	465	\N
18796	2021-05-23	2021-06-23	287	\N
18797	2020-09-27	2020-10-27	42	\N
18798	2020-09-26	2020-10-26	33	\N
18799	2020-08-18	2020-09-18	708	\N
18800	2019-06-13	2019-07-13	925	\N
18801	2021-08-07	2021-09-07	388	\N
18802	2018-06-29	2018-07-29	219	\N
18803	2021-05-17	2021-06-17	504	\N
18804	2018-08-31	2018-09-30	947	\N
18805	2020-09-07	2020-10-07	379	\N
18806	2020-05-11	2020-06-11	932	\N
18807	2021-05-02	2021-06-02	117	\N
18808	2021-08-12	2021-09-12	621	\N
18809	2021-05-11	2021-06-11	153	\N
18810	2019-08-20	2019-09-20	242	\N
18811	2019-07-20	2019-08-20	454	\N
18812	2019-05-01	2019-06-01	992	\N
18813	2018-09-14	2018-10-14	359	\N
18814	2020-09-29	2020-10-29	767	\N
18815	2018-07-10	2018-08-10	653	\N
18816	2020-05-07	2020-06-07	880	\N
18817	2021-07-20	2021-08-20	960	\N
18818	2018-06-04	2018-07-04	392	\N
18819	2019-05-16	2019-06-16	326	\N
18820	2020-07-11	2020-08-11	845	\N
18821	2020-09-17	2020-10-17	73	\N
18822	2018-08-07	2018-09-07	16	\N
18823	2020-07-27	2020-08-27	239	\N
18824	2018-08-01	2018-09-01	422	\N
18825	2021-07-04	2021-08-04	514	\N
18826	2020-09-13	2020-10-13	458	\N
18827	2021-05-01	2021-06-01	387	\N
18828	2020-10-01	2020-11-01	376	\N
18829	2021-06-22	2021-07-22	863	\N
18830	2019-05-18	2019-06-18	383	\N
18831	2019-05-28	2019-06-28	834	\N
18832	2021-09-04	2021-10-04	353	\N
18833	2018-09-29	2018-10-29	195	\N
18834	2018-08-14	2018-09-14	295	\N
18835	2021-05-18	2021-06-18	414	\N
18836	2020-09-26	2020-10-26	599	\N
18837	2020-05-18	2020-06-18	72	\N
18838	2020-07-24	2020-08-24	477	\N
18839	2021-08-16	2021-09-16	76	\N
18840	2020-06-02	2020-07-02	29	\N
18841	2020-08-13	2020-09-13	893	\N
18842	2020-07-02	2020-08-02	638	\N
18843	2021-05-16	2021-06-16	380	\N
18844	2020-05-03	2020-06-03	60	\N
18845	2018-06-01	2018-07-01	553	\N
18846	2021-05-09	2021-06-09	673	\N
18847	2019-07-13	2019-08-13	476	\N
18848	2019-05-14	2019-06-14	359	\N
18849	2019-05-12	2019-06-12	1007	\N
18850	2019-06-09	2019-07-09	235	\N
18851	2019-07-06	2019-08-06	519	\N
18852	2020-08-07	2020-09-07	707	\N
18853	2019-09-04	2019-10-04	455	\N
18854	2021-08-20	2021-09-20	986	\N
18855	2019-09-29	2019-10-29	995	\N
18856	2021-07-03	2021-08-03	268	\N
18857	2021-07-12	2021-08-12	363	\N
18858	2020-08-07	2020-09-07	501	\N
18859	2020-09-16	2020-10-16	865	\N
18860	2021-05-12	2021-06-12	692	\N
18861	2021-05-07	2021-06-07	501	\N
18862	2019-06-19	2019-07-19	635	\N
18863	2021-05-09	2021-06-09	18	\N
18864	2019-05-29	2019-06-29	817	\N
18865	2020-08-14	2020-09-14	606	\N
18866	2020-06-15	2020-07-15	617	\N
18867	2021-07-02	2021-08-02	241	\N
18868	2021-05-21	2021-06-21	731	\N
18869	2018-09-28	2018-10-28	398	\N
18870	2021-08-17	2021-09-17	128	\N
18871	2019-07-09	2019-08-09	312	\N
18872	2020-07-17	2020-08-17	853	\N
18873	2021-08-06	2021-09-06	670	\N
18874	2018-07-07	2018-08-07	463	\N
18875	2019-05-19	2019-06-19	402	\N
18876	2021-09-08	2021-10-08	150	\N
18877	2021-07-23	2021-08-23	639	\N
18878	2018-07-08	2018-08-08	857	\N
18879	2020-07-27	2020-08-27	466	\N
18880	2020-06-05	2020-07-05	831	\N
18881	2018-10-01	2018-11-01	71	\N
18882	2021-06-15	2021-07-15	453	\N
18883	2020-06-27	2020-07-27	306	\N
18884	2021-05-12	2021-06-12	412	\N
18885	2019-06-17	2019-07-17	696	\N
18886	2020-07-26	2020-08-26	663	\N
18887	2021-08-21	2021-09-21	813	\N
18888	2019-05-29	2019-06-29	664	\N
18889	2021-06-16	2021-07-16	350	\N
18890	2018-09-13	2018-10-13	1000	\N
18891	2021-06-02	2021-07-02	646	\N
18892	2020-09-17	2020-10-17	24	\N
18893	2019-05-11	2019-06-11	332	\N
18894	2019-07-23	2019-08-23	95	\N
18895	2018-08-05	2018-09-05	126	\N
18896	2021-05-25	2021-06-25	599	\N
18897	2021-05-29	2021-06-29	967	\N
18898	2021-08-26	2021-09-26	685	\N
18899	2021-07-09	2021-08-09	565	\N
18900	2021-05-13	2021-06-13	791	\N
18901	2020-07-06	2020-08-06	11	\N
18902	2021-08-06	2021-09-06	868	\N
18903	2020-07-07	2020-08-07	130	\N
18904	2021-09-25	2021-10-25	134	\N
18905	2021-08-16	2021-09-16	350	\N
18906	2021-09-14	2021-10-14	515	\N
18907	2020-07-28	2020-08-28	179	\N
18908	2021-07-12	2021-08-12	309	\N
18909	2020-05-04	2020-06-04	455	\N
18910	2018-08-04	2018-09-04	373	\N
18911	2019-07-17	2019-08-17	190	\N
18912	2018-06-09	2018-07-09	521	\N
18913	2019-08-17	2019-09-17	49	\N
18914	2021-06-09	2021-07-09	384	\N
18915	2019-06-17	2019-07-17	535	\N
18916	2020-06-25	2020-07-25	728	\N
18917	2020-06-24	2020-07-24	613	\N
18918	2021-06-07	2021-07-07	1004	\N
18919	2020-09-20	2020-10-20	650	\N
18920	2018-07-17	2018-08-17	785	\N
18921	2018-09-26	2018-10-26	849	\N
18922	2019-08-07	2019-09-07	513	\N
18923	2020-05-15	2020-06-15	562	\N
18924	2021-08-08	2021-09-08	697	\N
18925	2020-07-27	2020-08-27	12	\N
18926	2018-07-29	2018-08-29	198	\N
18927	2018-04-30	2018-05-31	750	\N
18928	2021-07-10	2021-08-10	999	\N
18929	2018-08-07	2018-09-07	51	\N
18930	2018-07-17	2018-08-17	36	\N
18931	2018-08-31	2018-09-30	460	\N
18932	2018-05-15	2018-06-15	956	\N
18933	2021-06-17	2021-07-17	469	\N
18934	2019-07-16	2019-08-16	168	\N
18935	2021-07-16	2021-08-16	713	\N
18936	2020-05-10	2020-06-10	413	\N
18937	2018-07-12	2018-08-12	301	\N
18938	2021-07-17	2021-08-17	504	\N
18939	2021-05-07	2021-06-07	707	\N
18940	2019-05-26	2019-06-26	442	\N
18941	2021-07-07	2021-08-07	501	\N
18942	2019-07-02	2019-08-02	250	\N
18943	2020-08-26	2020-09-26	584	\N
18944	2020-08-23	2020-09-23	590	\N
18945	2021-08-15	2021-09-15	341	\N
18946	2021-07-01	2021-08-01	939	\N
18947	2020-08-19	2020-09-19	608	\N
18948	2019-09-23	2019-10-23	95	\N
18949	2021-06-27	2021-07-27	624	\N
18950	2018-06-13	2018-07-13	969	\N
18951	2021-09-01	2021-10-01	110	\N
18952	2020-07-31	2020-08-31	557	\N
18953	2021-06-13	2021-07-13	159	\N
18954	2019-06-19	2019-07-19	667	\N
18955	2019-09-22	2019-10-22	378	\N
18956	2019-07-12	2019-08-12	827	\N
18957	2018-08-26	2018-09-26	318	\N
18958	2021-05-13	2021-06-13	458	\N
18959	2018-09-15	2018-10-15	940	\N
18960	2021-08-15	2021-09-15	927	\N
18961	2021-07-23	2021-08-23	796	\N
18962	2018-09-17	2018-10-17	36	\N
18963	2019-05-04	2019-06-04	478	\N
18964	2020-05-23	2020-06-23	95	\N
18965	2019-07-04	2019-08-04	494	\N
18966	2018-06-25	2018-07-25	860	\N
18967	2020-07-16	2020-08-16	427	\N
18968	2019-08-13	2019-09-13	925	\N
18969	2021-05-06	2021-06-06	783	\N
18970	2020-09-05	2020-10-05	758	\N
18971	2020-05-26	2020-06-26	576	\N
18972	2021-09-14	2021-10-14	406	\N
18973	2021-07-02	2021-08-02	117	\N
18974	2018-09-27	2018-10-27	507	\N
18975	2018-06-25	2018-07-25	739	\N
18976	2019-05-29	2019-06-29	297	\N
18977	2021-07-08	2021-08-08	654	\N
18978	2021-05-13	2021-06-13	809	\N
18979	2018-07-10	2018-08-10	801	\N
18980	2020-08-01	2020-09-01	38	\N
18981	2020-07-21	2020-08-21	607	\N
18982	2021-05-25	2021-06-25	990	\N
18983	2021-09-17	2021-10-17	704	\N
18984	2021-07-19	2021-08-19	231	\N
18985	2018-05-01	2018-06-01	420	\N
18986	2020-05-27	2020-06-27	909	\N
18987	2019-06-16	2019-07-16	968	\N
18988	2020-05-02	2020-06-02	381	\N
18989	2019-07-28	2019-08-28	834	\N
18990	2020-05-03	2020-06-03	870	\N
18991	2020-08-15	2020-09-15	361	\N
18992	2020-05-03	2020-06-03	564	\N
18993	2019-05-11	2019-06-11	575	\N
18994	2019-05-30	2019-06-30	534	\N
18995	2020-08-13	2020-09-13	302	\N
18996	2020-07-13	2020-08-13	333	\N
18997	2019-05-16	2019-06-16	116	\N
18998	2018-09-17	2018-10-17	203	\N
18999	2019-07-20	2019-08-20	165	\N
19000	2018-06-15	2018-07-15	773	\N
19001	2020-05-16	2020-06-16	74	\N
19002	2020-07-25	2020-08-25	459	\N
19003	2021-06-24	2021-07-24	715	\N
19004	2020-08-01	2020-09-01	904	\N
19005	2018-09-06	2018-10-06	345	\N
19006	2020-06-27	2020-07-27	172	\N
19007	2018-08-01	2018-09-01	35	\N
19008	2020-07-22	2020-08-22	446	\N
19009	2021-08-04	2021-09-04	105	\N
19010	2021-06-29	2021-07-29	683	\N
19011	2019-05-26	2019-06-26	461	\N
19012	2020-05-17	2020-06-17	49	\N
19013	2021-07-09	2021-08-09	18	\N
19014	2021-06-10	2021-07-10	54	\N
19015	2021-07-07	2021-08-07	61	\N
19016	2019-05-12	2019-06-12	385	\N
19017	2021-09-11	2021-10-11	551	\N
19018	2021-05-20	2021-06-20	650	\N
19019	2020-09-27	2020-10-27	466	\N
19020	2020-09-05	2020-10-05	479	\N
19021	2021-05-17	2021-06-17	73	\N
19022	2020-08-31	2020-09-30	618	\N
19023	2020-05-14	2020-06-14	284	\N
19024	2021-08-17	2021-09-17	917	\N
19025	2021-06-19	2021-07-19	602	\N
19026	2020-05-01	2020-06-01	32	\N
19027	2021-08-19	2021-09-19	602	\N
19028	2020-05-07	2020-06-07	513	\N
19029	2020-08-08	2020-09-08	586	\N
19030	2019-06-28	2019-07-28	691	\N
19031	2020-05-09	2020-06-09	518	\N
19032	2019-05-24	2019-06-24	319	\N
19033	2020-05-25	2020-06-25	648	\N
19034	2019-06-30	2019-07-31	876	\N
19035	2021-08-29	2021-09-29	232	\N
19036	2020-09-13	2020-10-13	333	\N
19037	2019-05-26	2019-06-26	810	\N
19038	2018-05-24	2018-06-24	674	\N
19039	2020-06-28	2020-07-28	788	\N
19040	2021-07-01	2021-08-01	148	\N
19041	2021-09-07	2021-10-07	501	\N
19042	2019-07-09	2019-08-09	762	\N
19043	2021-05-26	2021-06-26	466	\N
19044	2019-08-31	2019-10-01	876	\N
19045	2019-05-03	2019-06-03	279	\N
19046	2019-09-23	2019-10-23	278	\N
19047	2021-08-06	2021-09-06	1002	\N
19048	2019-09-11	2019-10-11	424	\N
19049	2020-07-27	2020-08-27	909	\N
19050	2021-05-15	2021-06-15	914	\N
19051	2019-08-25	2019-09-25	887	\N
19052	2020-05-25	2020-06-25	434	\N
19053	2019-05-06	2019-06-06	300	\N
19054	2020-07-29	2020-08-29	197	\N
19055	2019-09-25	2019-10-25	275	\N
19056	2021-08-20	2021-09-20	517	\N
19057	2019-05-26	2019-06-26	610	\N
19058	2019-09-27	2019-10-27	94	\N
19059	2020-05-12	2020-06-12	929	\N
19060	2020-05-06	2020-06-06	879	\N
19061	2020-05-25	2020-06-25	887	\N
19062	2020-09-21	2020-10-21	607	\N
19063	2021-06-01	2021-07-01	178	\N
19064	2020-05-19	2020-06-19	520	\N
19065	2018-09-08	2018-10-08	857	\N
19066	2020-05-01	2020-06-01	948	\N
19067	2019-05-27	2019-06-27	303	\N
19068	2019-05-28	2019-06-28	156	\N
19069	2021-05-13	2021-06-13	333	\N
19070	2019-05-17	2019-06-17	36	\N
19071	2021-05-23	2021-06-23	391	\N
19072	2021-09-07	2021-10-07	61	\N
19073	2018-07-01	2018-08-01	420	\N
19074	2021-06-16	2021-07-16	539	\N
19075	2019-09-09	2019-10-09	312	\N
19076	2020-08-15	2020-09-15	294	\N
19077	2019-09-26	2019-10-26	669	\N
19078	2021-05-25	2021-06-25	549	\N
19079	2021-05-01	2021-06-01	439	\N
19080	2019-07-09	2019-08-09	722	\N
19081	2020-05-24	2020-06-24	955	\N
19082	2019-05-23	2019-06-23	366	\N
19083	2020-05-03	2020-06-03	118	\N
19084	2019-05-04	2019-06-04	317	\N
19085	2020-05-08	2020-06-08	1003	\N
19086	2020-09-06	2020-10-06	769	\N
19087	2019-08-22	2019-09-22	614	\N
19088	2020-05-06	2020-06-06	258	\N
19089	2019-07-02	2019-08-02	194	\N
19090	2018-08-28	2018-09-28	224	\N
19091	2018-05-08	2018-06-08	874	\N
19092	2018-09-17	2018-10-17	785	\N
19093	2018-06-26	2018-07-26	629	\N
19094	2018-07-01	2018-08-01	750	\N
19095	2019-09-23	2019-10-23	838	\N
19096	2021-05-26	2021-06-26	584	\N
19097	2021-06-21	2021-07-21	374	\N
19098	2019-06-04	2019-07-04	407	\N
19099	2018-05-27	2018-06-27	779	\N
19100	2019-05-27	2019-06-27	37	\N
19101	2021-05-14	2021-06-14	766	\N
19102	2018-05-29	2018-06-29	186	\N
19103	2020-07-23	2020-08-23	95	\N
19104	2021-07-07	2021-08-07	707	\N
19105	2018-09-02	2018-10-02	260	\N
19106	2020-06-20	2020-07-20	888	\N
19107	2018-05-13	2018-06-13	943	\N
19108	2021-07-17	2021-08-17	114	\N
19109	2020-05-20	2020-06-20	101	\N
19110	2018-09-01	2018-10-01	750	\N
19111	2019-09-21	2019-10-21	217	\N
19112	2021-07-04	2021-08-04	82	\N
19113	2019-05-28	2019-06-28	195	\N
19114	2020-07-15	2020-08-15	143	\N
19115	2020-05-13	2020-06-13	925	\N
19116	2020-09-12	2020-10-12	523	\N
19117	2018-05-22	2018-06-22	780	\N
19118	2020-07-14	2020-08-14	987	\N
19119	2019-09-16	2019-10-16	450	\N
19120	2021-05-14	2021-06-14	606	\N
19121	2021-06-19	2021-07-19	351	\N
19122	2018-08-29	2018-09-29	550	\N
19123	2018-09-03	2018-10-03	746	\N
19124	2021-08-13	2021-09-13	626	\N
19125	2018-09-04	2018-10-04	174	\N
19126	2020-09-27	2020-10-27	239	\N
19127	2020-07-11	2020-08-11	637	\N
19128	2019-07-06	2019-08-06	300	\N
19129	2021-07-26	2021-08-26	466	\N
19130	2021-05-14	2021-06-14	23	\N
19131	2021-05-29	2021-06-29	509	\N
19132	2018-07-16	2018-08-16	593	\N
19133	2018-07-08	2018-08-08	48	\N
19134	2020-07-16	2020-08-16	296	\N
19135	2021-05-23	2021-06-23	590	\N
19136	2019-05-02	2019-06-02	176	\N
19137	2019-09-06	2019-10-06	300	\N
19138	2018-05-17	2018-06-17	175	\N
19139	2020-09-28	2020-10-28	737	\N
19140	2021-05-24	2021-06-24	78	\N
19141	2020-07-05	2020-08-05	290	\N
19142	2019-10-01	2019-11-01	580	\N
19143	2020-07-12	2020-08-12	394	\N
19144	2019-08-23	2019-09-23	585	\N
19145	2021-05-09	2021-06-09	672	\N
19146	2019-05-22	2019-06-22	50	\N
19147	2021-06-11	2021-07-11	131	\N
19148	2020-07-12	2020-08-12	929	\N
19149	2021-09-14	2021-10-14	829	\N
19150	2019-09-04	2019-10-04	372	\N
19151	2020-08-24	2020-09-24	980	\N
19152	2019-07-30	2019-08-30	534	\N
19153	2019-09-02	2019-10-02	524	\N
19154	2021-09-23	2021-10-23	320	\N
19155	2020-09-26	2020-10-26	663	\N
19156	2018-06-23	2018-07-23	852	\N
19157	2019-06-27	2019-07-27	305	\N
19158	2018-09-26	2018-10-26	492	\N
19159	2020-07-14	2020-08-14	284	\N
19160	2021-08-23	2021-09-23	364	\N
19161	2018-09-28	2018-10-28	207	\N
19162	2020-07-17	2020-08-17	760	\N
19163	2018-10-01	2018-11-01	403	\N
19164	2020-05-26	2020-06-26	694	\N
19165	2018-08-15	2018-09-15	881	\N
19166	2018-08-10	2018-09-10	631	\N
19167	2021-05-09	2021-06-09	622	\N
19168	2020-05-07	2020-06-07	958	\N
19169	2020-09-24	2020-10-24	477	\N
19170	2019-05-25	2019-06-25	55	\N
19171	2019-05-07	2019-06-07	511	\N
19172	2019-09-13	2019-10-13	476	\N
19173	2020-07-11	2020-08-11	329	\N
19174	2019-05-03	2019-06-03	907	\N
19175	2021-08-22	2021-09-22	863	\N
19176	2018-07-25	2018-08-25	481	\N
19177	2021-09-01	2021-10-01	311	\N
19178	2021-08-13	2021-09-13	159	\N
19179	2019-07-04	2019-08-04	478	\N
19180	2019-05-27	2019-06-27	770	\N
19181	2020-05-21	2020-06-21	217	\N
19182	2021-07-18	2021-08-18	579	\N
19183	2019-07-03	2019-08-03	191	\N
19184	2020-07-13	2020-08-13	500	\N
19185	2019-05-17	2019-06-17	716	\N
19186	2021-07-14	2021-08-14	606	\N
19187	2019-08-23	2019-09-23	349	\N
19188	2019-09-27	2019-10-27	862	\N
19189	2021-05-03	2021-06-03	676	\N
19190	2021-06-10	2021-07-10	355	\N
19191	2020-09-25	2020-10-25	151	\N
19192	2020-07-10	2020-08-10	489	\N
19193	2020-04-30	2020-05-31	177	\N
19194	2018-05-26	2018-06-26	949	\N
19195	2020-10-01	2020-11-01	557	\N
19196	2020-09-21	2020-10-21	554	\N
19197	2020-05-23	2020-06-23	278	\N
19198	2021-09-15	2021-10-15	962	\N
19199	2020-06-28	2020-07-28	277	\N
19200	2021-07-23	2021-08-23	107	\N
19201	2019-08-04	2019-09-04	503	\N
19202	2020-09-07	2020-10-07	130	\N
19203	2020-05-23	2020-06-23	916	\N
19204	2020-08-25	2020-09-25	228	\N
19205	2020-06-29	2020-07-29	229	\N
19206	2021-08-20	2021-09-20	601	\N
19207	2021-05-21	2021-06-21	607	\N
19208	2020-05-26	2020-06-26	545	\N
19209	2020-09-08	2020-10-08	625	\N
19210	2021-09-07	2021-10-07	276	\N
19211	2021-09-08	2021-10-08	52	\N
19212	2019-05-27	2019-06-27	883	\N
19213	2019-06-16	2019-07-16	184	\N
19214	2020-07-05	2020-08-05	451	\N
19215	2021-07-23	2021-08-23	405	\N
19216	2020-09-02	2020-10-02	638	\N
19217	2021-05-11	2021-06-11	1006	\N
19218	2021-05-27	2021-06-27	437	\N
19219	2020-08-05	2020-09-05	831	\N
19220	2019-05-05	2019-06-05	745	\N
19221	2020-06-01	2020-07-01	816	\N
19222	2021-05-19	2021-06-19	944	\N
19223	2019-05-24	2019-06-24	833	\N
19224	2020-06-18	2020-07-18	144	\N
19225	2019-06-16	2019-07-16	452	\N
19226	2019-09-28	2019-10-28	834	\N
19227	2021-07-08	2021-08-08	45	\N
19228	2019-09-01	2019-10-01	895	\N
19229	2020-05-04	2020-06-04	503	\N
19230	2021-07-15	2021-08-15	914	\N
19231	2021-07-08	2021-08-08	470	\N
19232	2021-08-27	2021-09-27	624	\N
19233	2018-09-10	2018-10-10	653	\N
19234	2019-07-21	2019-08-21	526	\N
19235	2020-09-17	2020-10-17	238	\N
19236	2019-09-21	2019-10-21	526	\N
19237	2021-08-02	2021-09-02	646	\N
19238	2018-05-08	2018-06-08	223	\N
19239	2018-08-19	2018-09-19	457	\N
19240	2021-05-24	2021-06-24	477	\N
19241	2020-09-28	2020-10-28	869	\N
19242	2021-09-12	2021-10-12	363	\N
19243	2018-08-25	2018-09-25	860	\N
19244	2020-08-24	2020-09-24	613	\N
19245	2019-07-17	2019-08-17	53	\N
19246	2019-09-06	2019-10-06	519	\N
19247	2019-08-19	2019-09-19	667	\N
19248	2021-07-26	2021-08-26	141	\N
19249	2020-09-05	2020-10-05	451	\N
19250	2020-07-26	2020-08-26	694	\N
19251	2021-07-25	2021-08-25	599	\N
19252	2018-09-15	2018-10-15	577	\N
19253	2020-05-18	2020-06-18	665	\N
19254	2018-07-26	2018-08-26	415	\N
19255	2020-09-28	2020-10-28	234	\N
19256	2020-07-04	2020-08-04	124	\N
19257	2019-07-26	2019-08-26	201	\N
19258	2021-07-23	2021-08-23	391	\N
19259	2019-08-09	2019-09-09	994	\N
19260	2020-06-09	2020-07-09	819	\N
19261	2021-05-30	2021-06-30	618	\N
19262	2021-05-24	2021-06-24	613	\N
19263	2019-05-26	2019-06-26	849	\N
19264	2020-09-28	2020-10-28	179	\N
19265	2021-08-05	2021-09-05	643	\N
19266	2019-05-18	2019-06-18	310	\N
19267	2020-06-09	2020-07-09	342	\N
19268	2018-05-25	2018-06-25	912	\N
19269	2018-07-09	2018-08-09	17	\N
19270	2018-07-28	2018-08-28	619	\N
19271	2020-06-06	2020-07-06	67	\N
19272	2021-07-21	2021-08-21	731	\N
19273	2019-05-14	2019-06-14	877	\N
19274	2021-05-22	2021-06-22	147	\N
19275	2020-08-07	2020-09-07	709	\N
19276	2019-07-11	2019-08-11	575	\N
19277	2019-09-02	2019-10-02	250	\N
19278	2019-05-03	2019-06-03	480	\N
19279	2018-09-08	2018-10-08	957	\N
19280	2018-09-07	2018-10-07	252	\N
19281	2020-06-06	2020-07-06	357	\N
19282	2019-05-21	2019-06-21	832	\N
19283	2018-06-10	2018-07-10	604	\N
19284	2018-07-12	2018-08-12	753	\N
19285	2020-08-06	2020-09-06	67	\N
19286	2018-09-17	2018-10-17	337	\N
19287	2019-09-24	2019-10-24	96	\N
19288	2021-05-07	2021-06-07	709	\N
19289	2018-07-13	2018-08-13	943	\N
19290	2021-09-10	2021-10-10	999	\N
19291	2019-07-16	2019-08-16	976	\N
19292	2020-05-28	2020-06-28	356	\N
19293	2018-08-17	2018-09-17	155	\N
19294	2020-07-07	2020-08-07	160	\N
19295	2019-05-17	2019-06-17	155	\N
19296	2018-07-13	2018-08-13	445	\N
19297	2018-09-21	2018-10-21	200	\N
19298	2020-08-24	2020-09-24	892	\N
19299	2020-05-23	2020-06-23	349	\N
19300	2021-09-22	2021-10-22	729	\N
19301	2020-05-08	2020-06-08	335	\N
19302	2020-07-23	2020-08-23	916	\N
19303	2021-07-14	2021-08-14	766	\N
19304	2021-05-31	2021-06-30	811	\N
19305	2019-07-28	2019-08-28	156	\N
19306	2021-09-23	2021-10-23	405	\N
19307	2020-08-10	2020-09-10	83	\N
19308	2018-07-25	2018-08-25	912	\N
19309	2021-05-08	2021-06-08	115	\N
19310	2018-06-01	2018-07-01	836	\N
19311	2018-06-14	2018-07-14	358	\N
19312	2020-08-03	2020-09-03	790	\N
19313	2021-05-29	2021-06-29	267	\N
19314	2019-09-20	2019-10-20	454	\N
19315	2020-05-01	2020-06-01	876	\N
19316	2019-07-05	2019-08-05	745	\N
19317	2020-07-03	2020-08-03	564	\N
19318	2020-08-26	2020-09-26	289	\N
19319	2020-05-20	2020-06-20	242	\N
19320	2021-09-29	2021-10-29	918	\N
19321	2021-07-20	2021-08-20	650	\N
19322	2018-06-28	2018-07-28	902	\N
19323	2018-09-23	2018-10-23	689	\N
19324	2020-07-03	2020-08-03	870	\N
19325	2021-07-12	2021-08-12	692	\N
19326	2021-09-23	2021-10-23	108	\N
19327	2020-08-07	2020-09-07	587	\N
19328	2019-08-04	2019-09-04	938	\N
19329	2020-05-09	2020-06-09	994	\N
19330	2021-05-08	2021-06-08	659	\N
19331	2020-09-22	2020-10-22	164	\N
19332	2021-09-16	2021-10-16	997	\N
19333	2020-07-23	2020-08-23	945	\N
19334	2020-05-13	2020-06-13	476	\N
19335	2021-07-06	2021-08-06	19	\N
19336	2018-08-28	2018-09-28	902	\N
19337	2018-09-29	2018-10-29	894	\N
19338	2020-07-01	2020-08-01	948	\N
19339	2021-05-07	2021-06-07	330	\N
19340	2018-04-30	2018-05-31	931	\N
19341	2019-05-08	2019-06-08	957	\N
19342	2019-08-13	2019-09-13	687	\N
19343	2020-07-20	2020-08-20	101	\N
19344	2020-05-22	2020-06-22	378	\N
19345	2019-08-28	2019-09-28	691	\N
19346	2020-05-10	2020-06-10	873	\N
19347	2020-05-07	2020-06-07	547	\N
19348	2021-09-14	2021-10-14	606	\N
19349	2021-09-25	2021-10-25	599	\N
19350	2019-08-04	2019-09-04	407	\N
19351	2021-06-18	2021-07-18	209	\N
19352	2019-05-02	2019-06-02	799	\N
19353	2019-05-28	2019-06-28	224	\N
19354	2020-05-28	2020-06-28	995	\N
19355	2019-07-01	2019-08-01	992	\N
19356	2020-09-26	2020-10-26	694	\N
19357	2019-07-03	2019-08-03	480	\N
19358	2021-07-19	2021-08-19	944	\N
19359	2020-07-14	2020-08-14	732	\N
19360	2020-07-24	2020-08-24	749	\N
19361	2021-07-21	2021-08-21	227	\N
19362	2020-08-06	2020-09-06	903	\N
19363	2021-07-12	2021-08-12	529	\N
19364	2020-09-15	2020-10-15	733	\N
19365	2019-08-20	2019-09-20	113	\N
19366	2020-07-26	2020-08-26	576	\N
19367	2018-06-01	2018-07-01	541	\N
19368	2021-07-29	2021-08-29	967	\N
19369	2020-08-28	2020-09-28	788	\N
19370	2020-09-04	2020-10-04	124	\N
19371	2019-07-18	2019-08-18	310	\N
19372	2020-09-17	2020-10-17	760	\N
19373	2019-09-18	2019-10-18	310	\N
19374	2019-05-25	2019-06-25	544	\N
19375	2021-09-25	2021-10-25	583	\N
19376	2019-09-09	2019-10-09	762	\N
19377	2021-05-10	2021-06-10	985	\N
19378	2020-07-21	2020-08-21	911	\N
19379	2021-05-26	2021-06-26	239	\N
19380	2019-09-17	2019-10-17	53	\N
19381	2019-05-01	2019-06-01	628	\N
19382	2021-05-29	2021-06-29	304	\N
19383	2020-08-23	2020-09-23	109	\N
19384	2019-05-24	2019-06-24	88	\N
19385	2021-05-01	2021-06-01	1009	\N
19386	2019-05-13	2019-06-13	1000	\N
19387	2018-09-27	2018-10-27	216	\N
19388	2019-06-28	2019-07-28	822	\N
19389	2019-07-22	2019-08-22	885	\N
19390	2021-08-07	2021-09-07	1004	\N
19391	2019-07-27	2019-08-27	37	\N
19392	2019-07-16	2019-08-16	116	\N
19393	2021-09-12	2021-10-12	529	\N
19394	2019-05-13	2019-06-13	222	\N
19395	2020-07-14	2020-08-14	921	\N
19396	2021-08-18	2021-09-18	209	\N
19397	2019-05-15	2019-06-15	940	\N
19398	2021-08-02	2021-09-02	843	\N
19399	2018-08-29	2018-09-29	219	\N
19400	2019-08-17	2019-09-17	368	\N
19401	2019-05-15	2019-06-15	577	\N
19402	2018-06-29	2018-07-29	899	\N
19403	2020-05-24	2020-06-24	431	\N
19404	2019-05-18	2019-06-18	789	\N
19405	2019-05-08	2019-06-08	266	\N
19406	2020-08-25	2020-09-25	728	\N
19407	2020-06-08	2020-07-08	286	\N
19408	2019-06-02	2019-07-02	79	\N
19409	2021-05-01	2021-06-01	904	\N
19410	2021-09-08	2021-10-08	573	\N
19411	2021-05-25	2021-06-25	33	\N
19412	2018-07-04	2018-08-04	690	\N
19413	2020-06-04	2020-07-04	382	\N
19414	2019-05-18	2019-06-18	837	\N
19415	2021-08-14	2021-09-14	506	\N
19416	2018-07-06	2018-08-06	59	\N
19417	2018-06-23	2018-07-23	43	\N
19418	2019-05-12	2019-06-12	370	\N
19419	2019-05-03	2019-06-03	746	\N
19420	2019-09-14	2019-10-14	528	\N
19421	2020-09-12	2020-10-12	662	\N
19422	2020-08-26	2020-09-26	138	\N
19423	2019-05-07	2019-06-07	252	\N
19424	2021-08-10	2021-09-10	355	\N
19425	2021-06-04	2021-07-04	875	\N
19426	2018-07-27	2018-08-27	779	\N
19427	2020-09-23	2020-10-23	945	\N
19428	2021-05-27	2021-06-27	234	\N
19429	2019-09-11	2019-10-11	510	\N
19430	2020-07-05	2020-08-05	588	\N
19431	2020-05-28	2020-06-28	145	\N
19432	2020-05-27	2020-06-27	94	\N
19433	2020-07-11	2020-08-11	932	\N
19434	2021-07-23	2021-08-23	590	\N
19435	2020-09-07	2020-10-07	160	\N
19436	2018-09-01	2018-10-01	336	\N
19437	2018-05-22	2018-06-22	740	\N
19438	2021-05-15	2021-06-15	558	\N
19439	2020-05-17	2020-06-17	844	\N
19440	2019-09-12	2019-10-12	389	\N
19441	2019-08-27	2019-09-27	677	\N
19442	2020-08-27	2020-09-27	172	\N
19443	2021-06-07	2021-07-07	103	\N
19444	2020-05-18	2020-06-18	764	\N
19445	2021-05-31	2021-06-30	449	\N
19446	2021-07-30	2021-08-30	811	\N
19447	2020-05-17	2020-06-17	53	\N
19448	2021-07-01	2021-08-01	842	\N
19449	2019-06-19	2019-07-19	630	\N
19450	2020-07-09	2020-08-09	994	\N
19451	2019-05-29	2019-06-29	482	\N
19452	2021-07-29	2021-08-29	509	\N
19453	2021-05-07	2021-06-07	379	\N
19454	2021-07-17	2021-08-17	73	\N
19455	2018-09-16	2018-10-16	782	\N
19456	2019-05-09	2019-06-09	666	\N
19457	2019-05-26	2019-06-26	492	\N
19458	2021-08-19	2021-09-19	351	\N
19459	2021-09-23	2021-10-23	391	\N
19460	2020-09-16	2020-10-16	427	\N
19461	2020-05-27	2020-06-27	834	\N
19462	2021-05-25	2021-06-25	663	\N
19463	2019-09-22	2019-10-22	543	\N
19464	2019-05-15	2019-06-15	891	\N
19465	2021-09-23	2021-10-23	639	\N
19466	2021-06-01	2021-07-01	542	\N
19467	2018-07-01	2018-08-01	393	\N
19468	2021-07-04	2021-08-04	188	\N
19469	2021-07-09	2021-08-09	339	\N
19470	2020-09-05	2020-10-05	290	\N
19471	2019-07-14	2019-08-14	170	\N
19472	2020-07-12	2020-08-12	40	\N
19473	2021-07-10	2021-08-10	979	\N
19474	2018-08-13	2018-09-13	969	\N
19475	2020-09-26	2020-10-26	86	\N
19476	2018-07-06	2018-08-06	896	\N
19477	2021-07-09	2021-08-09	673	\N
19478	2021-05-21	2021-06-21	554	\N
19479	2021-08-24	2021-09-24	715	\N
19480	2020-07-26	2020-08-26	545	\N
19481	2021-05-25	2021-06-25	86	\N
19482	2019-07-26	2019-08-26	810	\N
19483	2018-08-04	2018-09-04	908	\N
19484	2018-09-25	2018-10-25	481	\N
19485	2019-07-02	2019-08-02	581	\N
19486	2020-05-23	2020-06-23	585	\N
19487	2021-09-12	2021-10-12	309	\N
19488	2020-05-12	2020-06-12	920	\N
19489	2019-07-24	2019-08-24	615	\N
19490	2020-08-08	2020-09-08	272	\N
19491	2019-08-19	2019-09-19	630	\N
19492	2021-07-09	2021-08-09	622	\N
19493	2021-07-24	2021-08-24	477	\N
19494	2021-07-22	2021-08-22	851	\N
19495	2019-07-03	2019-08-03	907	\N
19496	2020-07-01	2020-08-01	177	\N
19497	2019-07-12	2019-08-12	265	\N
19498	2019-07-18	2019-08-18	789	\N
19499	2019-08-05	2019-09-05	935	\N
19500	2019-09-20	2019-10-20	165	\N
19501	2019-08-24	2019-09-24	28	\N
19502	2020-05-20	2020-06-20	113	\N
19503	2018-09-20	2018-10-20	136	\N
19504	2021-09-19	2021-10-19	944	\N
19505	2021-09-17	2021-10-17	214	\N
19506	2021-05-27	2021-06-27	869	\N
19507	2020-07-08	2020-08-08	335	\N
19508	2019-05-28	2019-06-28	207	\N
19509	2021-05-24	2021-06-24	892	\N
19510	2018-09-13	2018-10-13	445	\N
19511	2018-07-07	2018-08-07	27	\N
19512	2018-08-09	2018-09-09	521	\N
19513	2018-07-12	2018-08-12	324	\N
19514	2021-09-25	2021-10-25	441	\N
19515	2021-05-26	2021-06-26	913	\N
19516	2021-07-01	2021-08-01	904	\N
19517	2020-08-08	2020-09-08	632	\N
19518	2018-08-01	2018-09-01	541	\N
19519	2020-08-01	2020-09-01	982	\N
19520	2021-07-13	2021-08-13	809	\N
19521	2019-07-01	2019-08-01	419	\N
19522	2020-05-16	2020-06-16	763	\N
19523	2021-08-16	2021-09-16	299	\N
19524	2021-05-08	2021-06-08	586	\N
19525	2021-05-17	2021-06-17	24	\N
19526	2019-07-19	2019-08-19	402	\N
19527	2018-09-17	2018-10-17	928	\N
19528	2021-07-30	2021-08-30	449	\N
19529	2021-09-17	2021-10-17	259	\N
19530	2019-07-16	2019-08-16	326	\N
19531	2021-05-28	2021-06-28	767	\N
19532	2021-07-21	2021-08-21	798	\N
19533	2018-09-13	2018-10-13	943	\N
19534	2020-08-03	2020-09-03	400	\N
19535	2018-06-07	2018-07-07	70	\N
19536	2020-07-12	2020-08-12	920	\N
19537	2019-08-16	2019-09-16	288	\N
19538	2020-05-03	2020-06-03	404	\N
19539	2020-07-24	2020-08-24	169	\N
19540	2021-05-17	2021-06-17	760	\N
19541	2021-09-04	2021-10-04	188	\N
19542	2021-06-16	2021-07-16	688	\N
19543	2019-05-12	2019-06-12	971	\N
19544	2019-05-13	2019-06-13	291	\N
19545	2020-07-07	2020-08-07	547	\N
19546	2021-09-08	2021-10-08	654	\N
19547	2020-08-15	2020-09-15	84	\N
19548	2019-08-11	2019-09-11	695	\N
19549	2020-08-19	2020-09-19	743	\N
19550	2021-07-24	2021-08-24	706	\N
19551	2021-09-20	2021-10-20	960	\N
19552	2019-05-14	2019-06-14	230	\N
19553	2021-09-30	2021-10-30	811	\N
19554	2018-09-23	2018-10-23	474	\N
19555	2021-05-23	2021-06-23	945	\N
19556	2019-09-20	2019-10-20	90	\N
19557	2021-05-22	2021-06-22	164	\N
19558	2019-05-20	2019-06-20	135	\N
19559	2018-08-29	2018-09-29	899	\N
19560	2020-05-25	2020-06-25	275	\N
19561	2018-09-30	2018-10-30	820	\N
19562	2020-09-26	2020-10-26	576	\N
19563	2019-07-21	2019-08-21	832	\N
19564	2019-09-01	2019-10-01	802	\N
19565	2019-05-09	2019-06-09	521	\N
19566	2021-06-05	2021-07-05	348	\N
19567	2018-09-12	2018-10-12	301	\N
19568	2018-08-04	2018-09-04	392	\N
19569	2020-09-14	2020-10-14	732	\N
19570	2021-07-14	2021-08-14	23	\N
19571	2019-07-13	2019-08-13	222	\N
19572	2019-05-17	2019-06-17	928	\N
19573	2019-04-30	2019-05-31	403	\N
19574	2019-05-18	2019-06-18	974	\N
19575	2021-08-16	2021-09-16	688	\N
19576	2019-07-15	2019-08-15	577	\N
19577	2020-09-21	2020-10-21	911	\N
19578	2020-08-25	2020-09-25	933	\N
19579	2021-08-19	2021-09-19	555	\N
19580	2021-07-07	2021-08-07	204	\N
19581	2018-09-25	2018-10-25	912	\N
19582	2019-07-01	2019-08-01	240	\N
19583	2021-07-17	2021-08-17	24	\N
19584	2019-07-07	2019-08-07	252	\N
19585	2020-09-03	2020-10-03	564	\N
19586	2021-07-09	2021-08-09	218	\N
19587	2019-05-12	2019-06-12	301	\N
19588	2021-09-21	2021-10-21	227	\N
19589	2018-08-25	2018-09-25	221	\N
19590	2018-09-10	2018-10-10	418	\N
19591	2021-09-26	2021-10-26	681	\N
19592	2021-07-08	2021-08-08	659	\N
19593	2019-07-10	2019-08-10	486	\N
19594	2019-09-02	2019-10-02	233	\N
19595	2019-09-25	2019-10-25	68	\N
19596	2019-05-28	2019-06-28	894	\N
19597	2019-08-04	2019-09-04	734	\N
19598	2021-05-27	2021-06-27	172	\N
19599	2018-08-14	2018-09-14	358	\N
19600	2020-09-27	2020-10-27	589	\N
19601	2020-05-04	2020-06-04	407	\N
19602	2019-09-24	2019-10-24	615	\N
19603	2021-08-05	2021-09-05	348	\N
19604	2020-05-05	2020-06-05	935	\N
19605	2020-05-22	2020-06-22	614	\N
19606	2020-09-01	2020-10-01	112	\N
19607	2021-05-08	2021-06-08	272	\N
19608	2018-09-25	2018-10-25	771	\N
19609	2019-07-26	2019-08-26	492	\N
19610	2019-09-11	2019-10-11	839	\N
19611	2019-07-22	2019-08-22	571	\N
19612	2021-08-29	2021-09-29	435	\N
19613	2020-07-03	2020-08-03	60	\N
19614	2021-07-08	2021-08-08	115	\N
19615	2018-06-27	2018-07-27	401	\N
19616	2020-07-17	2020-08-17	952	\N
19617	2018-08-26	2018-09-26	629	\N
19618	2019-07-03	2019-08-03	279	\N
19619	2019-09-26	2019-10-26	492	\N
19620	2021-05-12	2021-06-12	662	\N
19621	2021-09-26	2021-10-26	141	\N
19622	2019-07-03	2019-08-03	746	\N
19623	2018-07-18	2018-08-18	314	\N
19624	2019-08-17	2019-09-17	535	\N
19625	2021-05-02	2021-06-02	638	\N
19626	2021-09-02	2021-10-02	241	\N
19627	2021-09-29	2021-10-29	509	\N
19628	2019-05-14	2019-06-14	295	\N
19629	2019-09-01	2019-10-01	419	\N
19630	2018-09-10	2018-10-10	493	\N
19631	2021-05-08	2021-06-08	632	\N
19632	2019-05-04	2019-06-04	373	\N
19633	2019-07-27	2019-08-27	770	\N
19634	2020-05-16	2020-06-16	450	\N
19635	2018-09-02	2018-10-02	56	\N
19636	2020-05-10	2020-06-10	884	\N
19637	2018-09-17	2018-10-17	595	\N
19638	2020-09-16	2020-10-16	850	\N
19639	2021-07-25	2021-08-25	549	\N
19640	2021-05-07	2021-06-07	587	\N
19641	2019-08-16	2019-09-16	968	\N
19642	2021-09-23	2021-10-23	107	\N
19643	2020-08-08	2020-09-08	334	\N
19644	2021-05-28	2021-06-28	788	\N
19645	2020-07-28	2020-08-28	356	\N
19646	2021-05-18	2021-06-18	708	\N
19647	2019-07-01	2019-08-01	196	\N
19648	2019-07-22	2019-08-22	50	\N
19649	2021-05-19	2021-06-19	743	\N
19650	2019-08-27	2019-09-27	725	\N
19651	2020-07-22	2020-08-22	378	\N
19652	2019-09-19	2019-10-19	31	\N
19653	2020-07-09	2020-08-09	705	\N
19654	2018-07-21	2018-08-21	464	\N
19655	2019-07-10	2019-08-10	325	\N
19656	2021-07-22	2021-08-22	866	\N
19657	2021-06-20	2021-07-20	152	\N
19658	2020-07-04	2020-08-04	503	\N
19659	2021-07-24	2021-08-24	613	\N
19660	2020-07-10	2020-08-10	873	\N
19661	2018-07-18	2018-08-18	781	\N
19662	2020-07-01	2020-08-01	876	\N
19663	2021-05-25	2021-06-25	728	\N
19664	2019-09-02	2019-10-02	194	\N
19665	2019-07-21	2019-08-21	283	\N
19666	2020-05-19	2020-06-19	667	\N
19667	2021-05-21	2021-06-21	911	\N
19668	2021-07-26	2021-08-26	645	\N
19669	2020-05-11	2020-06-11	510	\N
19670	2019-09-16	2019-10-16	116	\N
19671	2021-05-21	2021-06-21	787	\N
19672	2021-07-22	2021-08-22	164	\N
19673	2020-09-13	2020-10-13	972	\N
19674	2020-07-15	2020-08-15	189	\N
19675	2020-07-02	2020-08-02	381	\N
19676	2021-05-15	2021-06-15	861	\N
19677	2020-09-23	2020-10-23	95	\N
19678	2020-08-15	2020-09-15	617	\N
19679	2018-07-22	2018-08-22	780	\N
19680	2020-05-26	2020-06-26	669	\N
19681	2021-07-08	2021-08-08	272	\N
19682	2020-09-10	2020-10-10	489	\N
19683	2020-05-18	2020-06-18	1010	\N
19684	2020-05-25	2020-06-25	68	\N
19685	2019-05-04	2019-06-04	998	\N
19686	2020-07-04	2020-08-04	825	\N
19687	2020-07-25	2020-08-25	887	\N
19688	2020-07-17	2020-08-17	271	\N
19689	2021-05-05	2021-06-05	290	\N
19690	2021-09-26	2021-10-26	645	\N
19691	2021-09-01	2021-10-01	864	\N
19692	2021-07-25	2021-08-25	33	\N
19693	2019-05-25	2019-06-25	221	\N
19694	2021-09-22	2021-10-22	164	\N
19695	2020-07-27	2020-08-27	94	\N
19696	2019-07-20	2019-08-20	327	\N
19697	2019-07-23	2019-08-23	366	\N
19698	2019-05-26	2019-06-26	629	\N
19699	2019-05-07	2019-06-07	51	\N
19700	2021-07-04	2021-08-04	795	\N
19701	2020-09-01	2020-10-01	177	\N
19702	2019-07-07	2019-08-07	51	\N
19703	2019-06-05	2019-07-05	966	\N
19704	2020-06-26	2020-07-26	699	\N
19705	2019-07-08	2019-08-08	266	\N
19706	2021-08-29	2021-09-29	683	\N
19707	2021-08-21	2021-09-21	374	\N
19708	2021-05-22	2021-06-22	367	\N
19709	2021-05-01	2021-06-01	112	\N
19710	2021-09-10	2021-10-10	979	\N
19711	2021-09-08	2021-10-08	272	\N
19712	2020-08-22	2020-09-22	282	\N
19713	2021-08-20	2021-09-20	152	\N
19714	2020-09-01	2020-10-01	948	\N
19715	2021-07-23	2021-08-23	287	\N
19716	2021-09-04	2021-10-04	795	\N
19717	2018-09-20	2018-10-20	951	\N
19718	2019-09-10	2019-10-10	486	\N
19719	2019-05-17	2019-06-17	595	\N
19720	2021-09-09	2021-10-09	565	\N
19721	2019-05-13	2019-06-13	943	\N
19722	2019-07-15	2019-08-15	940	\N
19723	2021-09-22	2021-10-22	759	\N
19724	2021-05-10	2021-06-10	489	\N
19725	2019-05-29	2019-06-29	550	\N
19726	2020-09-12	2020-10-12	386	\N
19727	2021-09-01	2021-10-01	842	\N
19728	2018-09-23	2018-10-23	409	\N
19729	2020-09-29	2020-10-29	197	\N
19730	2019-05-23	2019-06-23	409	\N
19731	2021-05-13	2021-06-13	959	\N
19732	2021-06-30	2021-07-31	736	\N
19733	2020-09-04	2020-10-04	503	\N
19734	2020-07-22	2020-08-22	717	\N
19735	2018-08-23	2018-09-23	292	\N
19736	2020-05-02	2020-06-02	194	\N
19737	2021-09-09	2021-10-09	218	\N
19738	2021-07-26	2021-08-26	584	\N
19739	2018-09-28	2018-10-28	619	\N
19740	2020-05-16	2020-06-16	116	\N
19741	2019-07-28	2019-08-28	224	\N
19742	2021-07-21	2021-08-21	554	\N
19743	2018-07-15	2018-08-15	360	\N
19744	2018-07-24	2018-08-24	674	\N
19745	2021-07-28	2021-08-28	755	\N
19746	2019-07-17	2019-08-17	716	\N
19747	2018-09-22	2018-10-22	780	\N
19748	2018-06-15	2018-07-15	859	\N
19749	2019-07-28	2019-08-28	894	\N
19750	2018-05-26	2018-06-26	889	\N
19751	2021-05-12	2021-06-12	523	\N
19752	2021-08-04	2021-09-04	875	\N
19753	2019-06-27	2019-07-27	533	\N
19754	2019-05-04	2019-06-04	171	\N
19755	2019-07-25	2019-08-25	55	\N
19756	2021-05-25	2021-06-25	151	\N
19757	2019-07-24	2019-08-24	319	\N
19758	2019-09-16	2019-10-16	976	\N
19759	2021-05-07	2021-06-07	574	\N
19760	2020-05-01	2020-06-01	802	\N
19761	2021-05-08	2021-06-08	625	\N
19762	2020-09-04	2020-10-04	825	\N
19763	2019-09-16	2019-10-16	168	\N
19764	2021-07-25	2021-08-25	728	\N
19765	2018-05-04	2018-06-04	651	\N
19766	2021-07-17	2021-08-17	878	\N
19767	2019-05-10	2019-06-10	561	\N
19768	2020-05-27	2020-06-27	609	\N
19769	2019-05-06	2019-06-06	942	\N
19770	2019-07-18	2019-08-18	440	\N
19771	2021-07-09	2021-08-09	672	\N
19772	2021-05-03	2021-06-03	790	\N
19773	2019-09-09	2019-10-09	22	\N
19774	2021-07-25	2021-08-25	663	\N
19775	2018-07-04	2018-08-04	651	\N
19776	2020-05-11	2020-06-11	424	\N
19777	2019-09-23	2019-10-23	472	\N
19778	2021-07-13	2021-08-13	333	\N
19779	2018-05-23	2018-06-23	644	\N
19780	2019-09-03	2019-10-03	480	\N
19781	2020-07-15	2020-08-15	257	\N
19782	2019-05-17	2019-06-17	203	\N
19783	2020-07-27	2020-08-27	609	\N
19784	2021-09-21	2021-10-21	798	\N
19785	2019-08-19	2019-09-19	635	\N
19786	2021-05-03	2021-06-03	205	\N
19787	2020-07-03	2020-08-03	118	\N
19788	2021-09-17	2021-10-17	878	\N
19789	2020-09-05	2020-10-05	818	\N
19790	2020-05-23	2020-06-23	838	\N
19791	2020-09-27	2020-10-27	12	\N
19792	2019-05-02	2019-06-02	56	\N
19793	2020-07-16	2020-08-16	74	\N
19794	2018-05-27	2018-06-27	642	\N
19795	2020-08-08	2020-09-08	286	\N
19796	2018-09-07	2018-10-07	27	\N
19797	2019-07-25	2019-08-25	544	\N
19798	2019-05-11	2019-06-11	612	\N
19799	2021-05-15	2021-06-15	294	\N
19800	2021-08-10	2021-09-10	54	\N
19801	2019-08-23	2019-09-23	814	\N
19802	2019-07-14	2019-08-14	230	\N
19803	2020-09-11	2020-10-11	932	\N
19804	2021-09-25	2021-10-25	33	\N
19805	2021-09-26	2021-10-26	466	\N
19806	2019-05-29	2019-06-29	219	\N
19807	2021-05-15	2021-06-15	361	\N
19808	2021-08-11	2021-09-11	751	\N
19809	2019-07-29	2019-08-29	297	\N
19810	2019-07-06	2019-08-06	636	\N
19811	2019-09-12	2019-10-12	827	\N
19812	2021-05-08	2021-06-08	286	\N
19813	2020-08-13	2020-09-13	127	\N
19814	2019-07-23	2019-08-23	80	\N
19815	2019-07-29	2019-08-29	482	\N
19816	2018-08-22	2018-09-22	698	\N
19817	2019-07-26	2019-08-26	610	\N
19818	2018-07-15	2018-08-15	956	\N
19819	2019-09-18	2019-10-18	789	\N
19820	2018-05-26	2018-06-26	246	\N
19821	2019-05-27	2019-06-27	193	\N
19822	2021-05-10	2021-06-10	321	\N
19823	2019-07-11	2019-08-11	332	\N
19824	2018-06-21	2018-07-21	530	\N
19825	2019-07-23	2019-08-23	409	\N
19826	2019-05-19	2019-06-19	457	\N
19827	2021-07-01	2021-08-01	387	\N
19828	2018-09-11	2018-10-11	922	\N
19829	2019-09-07	2019-10-07	51	\N
19830	2021-09-19	2021-10-19	429	\N
19831	2020-05-20	2020-06-20	165	\N
19832	2019-09-22	2019-10-22	50	\N
19833	2019-09-06	2019-10-06	636	\N
19834	2019-09-27	2019-10-27	770	\N
19835	2021-07-21	2021-08-21	607	\N
19836	2019-05-16	2019-06-16	44	\N
19837	2019-05-17	2019-06-17	785	\N
19838	2019-08-27	2019-09-27	199	\N
19839	2020-07-21	2020-08-21	217	\N
19840	2020-05-10	2020-06-10	848	\N
19841	2019-07-28	2019-08-28	195	\N
19842	2021-07-08	2021-08-08	286	\N
19843	2021-09-11	2021-10-11	416	\N
19844	2018-07-23	2018-08-23	644	\N
19845	2021-07-13	2021-08-13	812	\N
19846	2019-07-27	2019-08-27	883	\N
19847	2020-07-22	2020-08-22	591	\N
19848	2018-09-08	2018-10-08	48	\N
19849	2019-05-28	2019-06-28	902	\N
19850	2020-09-02	2020-10-02	806	\N
19851	2021-05-10	2021-06-10	185	\N
19852	2021-07-18	2021-08-18	414	\N
19853	2021-09-08	2021-10-08	286	\N
19854	2021-07-25	2021-08-25	990	\N
19855	2020-05-15	2020-06-15	243	\N
19856	2019-10-01	2019-11-01	97	\N
19857	2021-07-20	2021-08-20	497	\N
19858	2018-07-09	2018-08-09	953	\N
19859	2021-09-01	2021-10-01	148	\N
19860	2020-10-01	2020-11-01	616	\N
19861	2021-07-17	2021-08-17	760	\N
19862	2018-06-08	2018-07-08	747	\N
19863	2018-07-04	2018-08-04	989	\N
19864	2021-05-10	2021-06-10	237	\N
19865	2021-07-28	2021-08-28	788	\N
19866	2021-07-01	2021-08-01	112	\N
19867	2020-05-24	2020-06-24	96	\N
19868	2020-05-15	2020-06-15	882	\N
19869	2021-05-22	2021-06-22	64	\N
19870	2020-07-04	2020-08-04	407	\N
19871	2019-05-19	2019-06-19	269	\N
19872	2020-07-25	2020-08-25	275	\N
19873	2019-09-04	2019-10-04	652	\N
19874	2019-07-24	2019-08-24	88	\N
19875	2021-07-26	2021-08-26	91	\N
19876	2021-09-04	2021-10-04	82	\N
19877	2018-09-26	2018-10-26	415	\N
19878	2019-06-15	2019-07-15	701	\N
19879	2020-09-04	2020-10-04	407	\N
19880	2021-09-27	2021-10-27	720	\N
19881	2021-05-03	2021-06-03	656	\N
19882	2019-07-17	2019-08-17	928	\N
19883	2018-05-02	2018-06-02	568	\N
19884	2021-09-26	2021-10-26	91	\N
19885	2020-09-03	2020-10-03	60	\N
19886	2019-08-17	2019-09-17	696	\N
19887	2020-05-16	2020-06-16	168	\N
19888	2020-09-27	2020-10-27	609	\N
19889	2021-08-01	2021-09-01	178	\N
19890	2021-04-30	2021-05-31	557	\N
19891	2020-09-25	2020-10-25	275	\N
19892	2019-07-07	2019-08-07	511	\N
19893	2019-09-01	2019-10-01	992	\N
19894	2021-05-05	2021-06-05	560	\N
19895	2019-09-22	2019-10-22	885	\N
19896	2018-08-08	2018-09-08	747	\N
19897	2020-07-24	2020-08-24	955	\N
19898	2019-09-18	2019-10-18	516	\N
19899	2019-07-04	2019-08-04	317	\N
19900	2019-07-13	2019-08-13	291	\N
19901	2020-05-18	2020-06-18	375	\N
19902	2018-07-12	2018-08-12	858	\N
19903	2021-05-23	2021-06-23	499	\N
19904	2018-07-27	2018-08-27	642	\N
19905	2018-08-23	2018-09-23	43	\N
19906	2021-05-02	2021-06-02	806	\N
19907	2019-05-25	2019-06-25	771	\N
19908	2021-05-04	2021-06-04	503	\N
19909	2019-09-21	2019-10-21	832	\N
19910	2020-07-17	2020-08-17	844	\N
19911	2018-07-28	2018-08-28	69	\N
19912	2020-07-10	2020-08-10	848	\N
19913	2018-09-08	2018-10-08	436	\N
19914	2019-08-11	2019-09-11	714	\N
19915	2018-07-13	2018-08-13	377	\N
19916	2021-07-29	2021-08-29	267	\N
19917	2021-09-09	2021-10-09	339	\N
19918	2019-09-18	2019-10-18	154	\N
19919	2019-08-11	2019-09-11	937	\N
19920	2019-07-17	2019-08-17	785	\N
19921	2019-09-14	2019-10-14	202	\N
19922	2019-08-16	2019-09-16	184	\N
19923	2021-07-10	2021-08-10	254	\N
19924	2020-05-04	2020-06-04	734	\N
19925	2021-09-09	2021-10-09	622	\N
19926	2018-05-02	2018-06-02	784	\N
19927	2019-07-29	2019-08-29	550	\N
19928	2020-09-29	2020-10-29	808	\N
19929	2021-09-09	2021-10-09	672	\N
19930	2018-06-24	2018-07-24	433	\N
19931	2019-08-31	2019-09-30	563	\N
19932	2020-07-10	2020-08-10	483	\N
19933	2020-09-10	2020-10-10	786	\N
19934	2019-05-26	2019-06-26	415	\N
19935	2020-05-15	2020-06-15	133	\N
19936	2021-09-18	2021-10-18	579	\N
19937	2021-07-10	2021-08-10	321	\N
19938	2020-09-11	2020-10-11	329	\N
19939	2018-09-13	2018-10-13	377	\N
19940	2020-05-07	2020-06-07	51	\N
19941	2020-09-09	2020-10-09	705	\N
19942	2021-07-01	2021-08-01	1009	\N
19943	2020-07-18	2020-08-18	1010	\N
19944	2019-07-12	2019-08-12	971	\N
19945	2020-07-15	2020-08-15	882	\N
19946	2021-09-03	2021-10-03	268	\N
19947	2018-09-04	2018-10-04	989	\N
19948	2020-09-27	2020-10-27	777	\N
19949	2021-07-27	2021-08-27	172	\N
19950	2020-05-04	2020-06-04	123	\N
19951	2021-05-24	2021-06-24	980	\N
19952	2021-07-01	2021-08-01	439	\N
19953	2021-07-10	2021-08-10	185	\N
19954	2018-07-08	2018-08-08	874	\N
19955	2018-08-25	2018-09-25	739	\N
19956	2019-07-27	2019-08-27	193	\N
19957	2021-05-11	2021-06-11	932	\N
19958	2021-09-20	2021-10-20	497	\N
19959	2021-05-17	2021-06-17	238	\N
19960	2021-07-23	2021-08-23	499	\N
19961	2020-05-20	2020-06-20	90	\N
19962	2018-09-12	2018-10-12	324	\N
19963	2019-07-26	2019-08-26	415	\N
19964	2019-05-05	2019-06-05	126	\N
19965	2018-08-07	2018-09-07	70	\N
19966	2021-07-19	2021-08-19	328	\N
19967	2019-09-01	2019-10-01	240	\N
19968	2021-06-03	2021-07-03	149	\N
19969	2019-09-29	2019-10-29	482	\N
19970	2020-09-20	2020-10-20	248	\N
19971	2021-09-15	2021-10-15	914	\N
19972	2021-07-08	2021-08-08	632	\N
19973	2020-06-22	2020-07-22	964	\N
19974	2019-09-28	2019-10-28	224	\N
19975	2020-05-06	2020-06-06	300	\N
19976	2020-09-26	2020-10-26	545	\N
19977	2019-05-15	2019-06-15	508	\N
19978	2021-07-22	2021-08-22	147	\N
19979	2019-08-25	2019-09-25	988	\N
19980	2019-07-06	2019-08-06	66	\N
19981	2019-07-13	2019-08-13	1000	\N
19982	2020-07-04	2020-08-04	455	\N
19983	2021-09-25	2021-10-25	990	\N
19984	2020-05-18	2020-06-18	310	\N
19985	2019-09-19	2019-10-19	402	\N
19986	2021-05-17	2021-06-17	633	\N
19987	2021-05-24	2021-06-24	85	\N
19988	2020-05-02	2020-06-02	397	\N
19989	2021-05-06	2021-06-06	903	\N
19990	2021-07-02	2021-08-02	797	\N
19991	2019-09-10	2019-10-10	325	\N
19992	2020-07-07	2020-08-07	315	\N
19993	2018-09-01	2018-10-01	420	\N
19994	2021-09-17	2021-10-17	73	\N
19995	2021-05-20	2021-06-20	248	\N
19996	2018-09-18	2018-10-18	781	\N
19997	2020-09-21	2020-10-21	217	\N
19998	2020-07-01	2020-08-01	954	\N
19999	2020-09-27	2020-10-27	94	\N
20000	2020-05-17	2020-06-17	696	\N
20001	2020-05-09	2020-06-09	312	\N
20002	2019-05-12	2019-06-12	324	\N
20003	2020-09-23	2020-10-23	830	\N
20004	2019-05-24	2019-06-24	693	\N
20005	2020-09-03	2020-10-03	870	\N
20006	2019-05-25	2019-06-25	739	\N
20007	2018-09-01	2018-10-01	963	\N
20008	2021-09-10	2021-10-10	321	\N
20009	2021-07-06	2021-08-06	783	\N
20010	2020-05-09	2020-06-09	22	\N
20011	2021-07-02	2021-08-02	638	\N
20012	2019-07-25	2019-08-25	13	\N
20013	2018-09-18	2018-10-18	582	\N
20014	2020-09-12	2020-10-12	929	\N
20015	2018-08-20	2018-09-20	984	\N
20016	2020-05-30	2020-06-30	563	\N
20017	2018-09-27	2018-10-27	779	\N
20018	2020-05-01	2020-06-01	684	\N
20019	2019-07-18	2019-08-18	383	\N
20020	2019-05-10	2019-06-10	653	\N
20021	2020-08-14	2020-09-14	724	\N
20022	2020-07-04	2020-08-04	734	\N
20023	2019-07-28	2019-08-28	207	\N
20024	2019-09-25	2019-10-25	13	\N
20025	2020-05-27	2020-06-27	677	\N
20026	2020-05-18	2020-06-18	154	\N
20027	2019-07-15	2019-08-15	508	\N
20028	2020-09-05	2020-10-05	588	\N
20029	2019-07-09	2019-08-09	941	\N
20030	2019-07-04	2019-08-04	735	\N
20031	2020-05-26	2020-06-26	492	\N
20032	2020-05-20	2020-06-20	454	\N
20033	2020-09-22	2020-10-22	446	\N
20034	2020-07-01	2020-08-01	32	\N
20035	2020-07-11	2020-08-11	424	\N
20036	2020-07-17	2020-08-17	425	\N
20037	2020-08-02	2020-09-02	778	\N
20038	2021-09-10	2021-10-10	185	\N
20039	2018-09-23	2018-10-23	644	\N
20040	2021-08-07	2021-09-07	103	\N
20041	2021-05-05	2021-06-05	479	\N
20042	2019-08-27	2019-09-27	533	\N
20043	2019-07-11	2019-08-11	612	\N
20044	2021-04-30	2021-05-31	981	\N
20045	2021-05-10	2021-06-10	83	\N
20046	2021-08-23	2021-09-23	161	\N
20047	2019-09-17	2019-10-17	785	\N
20048	2020-07-27	2020-08-27	677	\N
20049	2019-05-14	2019-06-14	358	\N
20050	2019-06-17	2019-07-17	840	\N
20051	2020-09-15	2020-10-15	257	\N
20052	2021-07-24	2021-08-24	78	\N
20053	2020-08-09	2020-09-09	342	\N
20054	2021-09-24	2021-10-24	613	\N
20055	2019-05-18	2019-06-18	781	\N
20056	2020-07-30	2020-08-30	563	\N
20057	2020-08-21	2020-09-21	211	\N
20058	2019-07-24	2019-08-24	693	\N
20059	2019-07-02	2019-08-02	176	\N
20060	2019-05-27	2019-06-27	216	\N
20061	2021-07-29	2021-08-29	304	\N
20062	2019-07-12	2019-08-12	370	\N
20063	2020-07-27	2020-08-27	834	\N
20064	2019-05-02	2019-06-02	260	\N
20065	2019-07-25	2019-08-25	771	\N
20066	2021-09-25	2021-10-25	549	\N
20067	2020-07-13	2020-08-13	476	\N
20068	2018-07-17	2018-08-17	247	\N
20069	2019-09-28	2019-10-28	207	\N
20070	2018-09-06	2018-10-06	775	\N
20071	2021-05-09	2021-06-09	705	\N
20072	2020-07-16	2020-08-16	978	\N
20073	2019-07-15	2019-08-15	396	\N
20074	2021-05-04	2021-06-04	124	\N
20075	2019-05-01	2019-06-01	422	\N
20076	2021-05-25	2021-06-25	275	\N
20077	2020-09-01	2020-10-01	876	\N
20078	2020-09-18	2020-10-18	1010	\N
20079	2019-05-20	2019-06-20	984	\N
20080	2021-05-28	2021-06-28	815	\N
20081	2018-09-28	2018-10-28	69	\N
20082	2021-07-11	2021-08-11	1006	\N
20083	2020-07-16	2020-08-16	763	\N
20084	2018-05-21	2018-06-21	640	\N
20085	2019-06-23	2019-07-23	468	\N
20086	2020-05-24	2020-06-24	28	\N
20087	2020-07-25	2020-08-25	68	\N
20088	2019-05-29	2019-06-29	537	\N
20089	2019-07-26	2019-08-26	442	\N
20090	2020-08-19	2020-09-19	872	\N
20091	2021-07-05	2021-08-05	423	\N
20092	2018-08-15	2018-09-15	859	\N
20093	2019-05-01	2019-06-01	35	\N
20094	2020-07-20	2020-08-20	454	\N
20095	2018-08-17	2018-09-17	649	\N
20096	2019-07-12	2019-08-12	75	\N
20097	2020-09-13	2020-10-13	476	\N
20098	2019-07-18	2019-08-18	26	\N
20099	2019-09-06	2019-10-06	66	\N
20100	2019-06-03	2019-07-03	700	\N
20101	2020-09-22	2020-10-22	378	\N
20102	2018-06-13	2018-07-13	281	\N
20103	2019-08-16	2019-09-16	452	\N
20104	2021-07-25	2021-08-25	86	\N
20105	2021-09-11	2021-10-11	1006	\N
20106	2021-05-25	2021-06-25	331	\N
20107	2020-08-26	2020-09-26	699	\N
20108	2021-05-10	2021-06-10	786	\N
20109	2021-05-22	2021-06-22	446	\N
20110	2019-09-11	2019-10-11	612	\N
20111	2018-09-12	2018-10-12	753	\N
20112	2019-09-18	2019-10-18	383	\N
20113	2020-05-21	2020-06-21	832	\N
20114	2019-07-24	2019-08-24	833	\N
20115	2019-05-23	2019-06-23	474	\N
20116	2020-05-11	2020-06-11	714	\N
20117	2021-07-22	2021-08-22	367	\N
20118	2018-09-09	2018-10-09	953	\N
20119	2021-05-11	2021-06-11	329	\N
20120	2021-05-15	2021-06-15	249	\N
20121	2019-07-14	2019-08-14	359	\N
20122	2021-05-05	2021-06-05	818	\N
20123	2021-05-02	2021-06-02	778	\N
20124	2019-08-17	2019-09-17	840	\N
20125	2020-05-04	2020-06-04	938	\N
20126	2019-05-19	2019-06-19	167	\N
20127	2019-05-10	2019-06-10	631	\N
20128	2019-09-11	2019-10-11	332	\N
20129	2019-08-03	2019-09-03	34	\N
20130	2021-07-03	2021-08-03	205	\N
20131	2021-07-03	2021-08-03	656	\N
20132	2021-07-19	2021-08-19	743	\N
20133	2021-09-10	2021-10-10	254	\N
20134	2019-05-29	2019-06-29	139	\N
20135	2021-06-08	2021-07-08	657	\N
20136	2020-05-10	2020-06-10	325	\N
20137	2020-07-22	2020-08-22	614	\N
20138	2021-05-06	2021-06-06	769	\N
20139	2021-05-07	2021-06-07	160	\N
20140	2019-07-15	2019-08-15	891	\N
20141	2018-09-07	2018-10-07	975	\N
20142	2020-05-07	2020-06-07	395	\N
20143	2019-05-26	2019-06-26	102	\N
20144	2020-07-13	2020-08-13	338	\N
20145	2021-05-07	2021-06-07	130	\N
20146	2021-05-14	2021-06-14	448	\N
20147	2021-05-05	2021-06-05	831	\N
20148	2020-05-21	2020-06-21	526	\N
20149	2020-09-23	2020-10-23	916	\N
20150	2019-09-24	2019-10-24	693	\N
20151	2019-07-27	2019-08-27	216	\N
20152	2020-07-07	2020-08-07	513	\N
20153	2019-09-13	2019-10-13	996	\N
20154	2019-09-09	2019-10-09	475	\N
20155	2020-05-06	2020-06-06	66	\N
20156	2019-07-07	2019-08-07	46	\N
20157	2021-09-09	2021-10-09	18	\N
20158	2021-05-09	2021-06-09	756	\N
20159	2019-09-11	2019-10-11	575	\N
20160	2021-09-28	2021-10-28	755	\N
20161	2019-05-23	2019-06-23	43	\N
20162	2018-07-26	2018-08-26	246	\N
20163	2020-08-20	2020-09-20	888	\N
20164	2020-05-23	2020-06-23	814	\N
20165	2019-07-20	2019-08-20	984	\N
20166	2020-07-25	2020-08-25	434	\N
20167	2020-07-20	2020-08-20	90	\N
20168	2020-05-19	2020-06-19	31	\N
20169	2021-09-23	2021-10-23	796	\N
20170	2021-05-22	2021-06-22	378	\N
20171	2019-07-19	2019-08-19	457	\N
20172	2021-07-09	2021-08-09	756	\N
20173	2021-07-07	2021-08-07	130	\N
20174	2020-09-28	2020-10-28	611	\N
20175	2020-09-13	2020-10-13	500	\N
20176	2018-09-12	2018-10-12	858	\N
20177	2020-07-23	2020-08-23	838	\N
20178	2021-07-24	2021-08-24	892	\N
20179	2020-09-10	2020-10-10	848	\N
20180	2020-09-08	2020-10-08	335	\N
20181	2021-08-07	2021-09-07	313	\N
20182	2019-09-03	2019-10-03	279	\N
20183	2019-09-05	2019-10-05	745	\N
20184	2020-05-16	2020-06-16	976	\N
20185	2021-09-01	2021-10-01	387	\N
20186	2019-05-22	2019-06-22	698	\N
20187	2020-07-04	2020-08-04	938	\N
20188	2020-07-23	2020-08-23	278	\N
20189	2021-05-26	2021-06-26	589	\N
20190	2020-09-24	2020-10-24	749	\N
20191	2019-05-21	2019-06-21	682	\N
20192	2019-06-19	2019-07-19	804	\N
20193	2021-09-23	2021-10-23	590	\N
20194	2019-07-12	2019-08-12	301	\N
20195	2019-05-28	2019-06-28	398	\N
20196	2019-05-27	2019-06-27	507	\N
20197	2020-06-17	2020-07-17	600	\N
20198	2021-07-13	2021-08-13	122	\N
20199	2018-07-21	2018-08-21	640	\N
20200	2019-07-01	2019-08-01	422	\N
20201	2018-08-15	2018-09-15	408	\N
20202	2019-09-19	2019-10-19	457	\N
20203	2020-05-16	2020-06-16	288	\N
20204	2021-05-23	2021-06-23	916	\N
20205	2020-05-18	2020-06-18	789	\N
20206	2020-07-14	2020-08-14	142	\N
20207	2021-07-05	2021-08-05	479	\N
20208	2021-07-10	2021-08-10	237	\N
20209	2021-09-27	2021-10-27	183	\N
20210	2020-09-10	2020-10-10	208	\N
20211	2019-07-02	2019-08-02	56	\N
20212	2019-09-20	2019-10-20	327	\N
20213	2019-05-08	2019-06-08	857	\N
20214	2020-05-28	2020-06-28	691	\N
20215	2020-07-11	2020-08-11	714	\N
20216	2020-05-12	2020-06-12	827	\N
20217	2021-05-23	2021-06-23	830	\N
20218	2019-08-27	2019-09-27	305	\N
20219	2020-06-10	2020-07-10	77	\N
20220	2018-08-12	2018-09-12	462	\N
20221	2021-05-21	2021-06-21	211	\N
20222	2021-05-13	2021-06-13	500	\N
20223	2019-09-15	2019-10-15	396	\N
20224	2021-07-01	2021-08-01	981	\N
20225	2020-09-16	2020-10-16	897	\N
20226	2021-05-01	2021-06-01	876	\N
20227	2019-09-30	2019-10-30	534	\N
20228	2021-09-11	2021-10-11	256	\N
20229	2021-09-19	2021-10-19	231	\N
20230	2020-05-19	2020-06-19	630	\N
20231	2021-09-05	2021-10-05	479	\N
20232	2019-09-07	2019-10-07	46	\N
20233	2021-07-03	2021-08-03	676	\N
20234	2021-05-04	2021-06-04	825	\N
20235	2021-05-14	2021-06-14	712	\N
20236	2018-09-07	2018-10-07	463	\N
20237	2021-09-29	2021-10-29	180	\N
20238	2019-07-17	2019-08-17	595	\N
20239	2019-09-18	2019-10-18	26	\N
20240	2021-05-27	2021-06-27	737	\N
20241	2019-07-10	2019-08-10	631	\N
20242	2021-05-26	2021-06-26	609	\N
20243	2019-07-23	2019-08-23	552	\N
20244	2021-07-20	2021-08-20	723	\N
20245	2020-05-27	2020-06-27	725	\N
20246	2020-07-30	2020-08-30	867	\N
20247	2019-05-04	2019-06-04	392	\N
20248	2019-09-26	2019-10-26	201	\N
20249	2021-07-17	2021-08-17	633	\N
20250	2021-08-08	2021-09-08	657	\N
20251	2021-07-07	2021-08-07	574	\N
20252	2019-07-24	2019-08-24	847	\N
20253	2019-09-24	2019-10-24	567	\N
20254	2021-09-10	2021-10-10	237	\N
20255	2019-07-18	2019-08-18	837	\N
20256	2021-09-30	2021-10-30	449	\N
20257	2021-09-17	2021-10-17	760	\N
20258	2021-09-22	2021-10-22	147	\N
20259	2019-09-28	2019-10-28	894	\N
20260	2021-09-29	2021-10-29	304	\N
20261	2018-09-06	2018-10-06	59	\N
20262	2019-09-23	2019-10-23	80	\N
20263	2019-05-28	2019-06-28	619	\N
20264	2019-05-28	2019-06-28	69	\N
20265	2019-05-07	2019-06-07	70	\N
20266	2019-09-18	2019-10-18	837	\N
20267	2021-05-25	2021-06-25	576	\N
20268	2019-05-06	2019-06-06	775	\N
20269	2018-09-11	2018-10-11	738	\N
20270	2019-07-26	2019-08-26	629	\N
20271	2019-07-02	2019-08-02	260	\N
20272	2018-08-23	2018-09-23	852	\N
20273	2020-08-27	2020-09-27	306	\N
20274	2019-07-12	2019-08-12	385	\N
20275	2021-07-23	2021-08-23	255	\N
20276	2019-07-25	2019-08-25	739	\N
20277	2020-05-24	2020-06-24	693	\N
20278	2020-07-21	2020-08-21	526	\N
20279	2018-05-13	2018-06-13	57	\N
20280	2021-07-13	2021-08-13	791	\N
20281	2020-05-02	2020-06-02	250	\N
20282	2019-09-17	2019-10-17	190	\N
20283	2021-07-15	2021-08-15	361	\N
20284	2021-07-25	2021-08-25	576	\N
20285	2020-05-27	2020-06-27	207	\N
20286	2021-09-24	2021-10-24	78	\N
20287	2019-05-11	2019-06-11	738	\N
20288	2020-09-27	2020-10-27	677	\N
20289	2019-05-17	2019-06-17	337	\N
20290	2020-09-11	2020-10-11	845	\N
20291	2020-08-09	2020-09-09	819	\N
20292	2020-06-04	2020-07-04	426	\N
20293	2019-05-15	2019-06-15	859	\N
20294	2019-09-23	2019-10-23	409	\N
20295	2020-07-20	2020-08-20	165	\N
20296	2019-09-18	2019-10-18	440	\N
20297	2019-09-14	2019-10-14	359	\N
20298	2019-07-11	2019-08-11	738	\N
20299	2020-07-18	2020-08-18	72	\N
20300	2018-06-05	2018-07-05	741	\N
20301	2020-07-10	2020-08-10	413	\N
20302	2020-09-01	2020-10-01	32	\N
20303	2019-05-11	2019-06-11	922	\N
20304	2019-09-24	2019-10-24	833	\N
20305	2018-08-05	2018-09-05	741	\N
20306	2020-08-29	2020-09-29	229	\N
20307	2019-05-22	2019-06-22	780	\N
20308	2020-09-21	2020-10-21	526	\N
20309	2020-05-17	2020-06-17	840	\N
20310	2019-05-04	2019-06-04	989	\N
20311	2021-07-27	2021-08-27	737	\N
20312	2019-07-29	2019-08-29	139	\N
20313	2020-09-15	2020-10-15	882	\N
20314	2020-07-18	2020-08-18	154	\N
20315	2019-09-12	2019-10-12	370	\N
20316	2021-07-01	2021-08-01	876	\N
20317	2021-09-07	2021-10-07	130	\N
20318	2020-05-07	2020-06-07	623	\N
20319	2019-05-09	2019-06-09	953	\N
20320	2019-05-16	2019-06-16	782	\N
20321	2018-09-17	2018-10-17	247	\N
20322	2021-05-08	2021-06-08	335	\N
20323	2021-05-28	2021-06-28	808	\N
20324	2021-07-16	2021-08-16	430	\N
20325	2021-07-21	2021-08-21	211	\N
20326	2021-07-13	2021-08-13	500	\N
20327	2019-09-25	2019-10-25	55	\N
20328	2018-09-04	2018-10-04	690	\N
20329	2020-05-19	2020-06-19	635	\N
20330	2020-07-15	2020-08-15	562	\N
20331	2021-05-06	2021-06-06	67	\N
20332	2021-05-15	2021-06-15	733	\N
20333	2019-09-04	2019-10-04	317	\N
20334	2021-09-06	2021-10-06	783	\N
20335	2021-05-01	2021-06-01	982	\N
20336	2020-08-17	2020-09-17	410	\N
20337	2020-09-25	2020-10-25	434	\N
20338	2019-05-01	2019-06-01	420	\N
20339	2020-07-19	2020-08-19	667	\N
20340	2020-07-07	2020-08-07	125	\N
20341	2021-08-17	2021-09-17	800	\N
20342	2018-09-04	2018-10-04	651	\N
20343	2020-07-07	2020-08-07	51	\N
20344	2021-05-16	2021-06-16	427	\N
20345	2021-07-08	2021-08-08	625	\N
20346	2020-06-07	2020-07-07	100	\N
20347	2020-07-24	2020-08-24	96	\N
20348	2021-05-10	2021-06-10	848	\N
20349	2020-05-14	2020-06-14	202	\N
20350	2020-07-17	2020-08-17	696	\N
20351	2020-08-18	2020-09-18	488	\N
20352	2021-09-02	2021-10-02	117	\N
20353	2018-08-28	2018-09-28	919	\N
20354	2020-07-28	2020-08-28	995	\N
20355	2020-07-18	2020-08-18	665	\N
20356	2019-09-28	2019-10-28	443	\N
20357	2019-09-17	2019-10-17	595	\N
20358	2019-09-10	2019-10-10	631	\N
20359	2020-07-13	2020-08-13	925	\N
20360	2021-07-23	2021-08-23	830	\N
20361	2020-07-10	2020-08-10	325	\N
20362	2019-07-22	2019-08-22	698	\N
20363	2019-07-06	2019-08-06	81	\N
20364	2020-08-06	2020-09-06	357	\N
20365	2019-09-27	2019-10-27	216	\N
20366	2018-08-01	2018-09-01	553	\N
20367	2020-05-16	2020-06-16	104	\N
20368	2021-09-29	2021-10-29	967	\N
20369	2021-05-24	2021-06-24	749	\N
20370	2019-09-25	2019-10-25	739	\N
20371	2020-09-14	2020-10-14	921	\N
20372	2019-08-07	2019-09-07	129	\N
20373	2018-07-15	2018-08-15	285	\N
20374	2019-09-14	2019-10-14	230	\N
20375	2021-09-18	2021-10-18	679	\N
20376	2020-09-10	2020-10-10	413	\N
20377	2021-07-26	2021-08-26	589	\N
20378	2020-05-18	2020-06-18	440	\N
20379	2020-05-18	2020-06-18	516	\N
20380	2020-09-01	2020-10-01	744	\N
20381	2021-05-26	2021-06-26	12	\N
20382	2018-09-27	2018-10-27	119	\N
20383	2019-07-15	2019-08-15	859	\N
20384	2020-09-12	2020-10-12	394	\N
20385	2021-09-17	2021-10-17	633	\N
20386	2020-05-19	2020-06-19	132	\N
20387	2019-05-08	2019-06-08	747	\N
20388	2019-08-02	2019-09-02	79	\N
20389	2020-09-24	2020-10-24	169	\N
20390	2020-07-09	2020-08-09	518	\N
20391	2020-05-24	2020-06-24	833	\N
20392	2020-07-18	2020-08-18	440	\N
20393	2020-07-02	2020-08-02	120	\N
20394	2020-07-24	2020-08-24	693	\N
20395	2020-06-25	2020-07-25	597	\N
20396	2020-07-04	2020-08-04	123	\N
20397	2019-07-29	2019-08-29	664	\N
20398	2020-07-19	2020-08-19	520	\N
20399	2019-05-29	2019-06-29	820	\N
20400	2020-05-27	2020-06-27	467	\N
20401	2020-09-07	2020-10-07	547	\N
20402	2021-05-16	2021-06-16	850	\N
20403	2020-09-10	2020-10-10	325	\N
20404	2020-05-16	2020-06-16	752	\N
20405	2020-09-04	2020-10-04	938	\N
20406	2019-07-14	2019-08-14	358	\N
20407	2020-07-02	2020-08-02	397	\N
20408	2020-05-25	2020-06-25	13	\N
20409	2020-07-09	2020-08-09	22	\N
20410	2021-07-08	2021-08-08	335	\N
20411	2019-09-20	2019-10-20	984	\N
20412	2021-09-17	2021-10-17	114	\N
20413	2019-05-15	2019-06-15	408	\N
20414	2021-09-08	2021-10-08	115	\N
20415	2020-05-11	2020-06-11	323	\N
20416	2020-09-04	2020-10-04	734	\N
20417	2021-05-01	2021-06-01	177	\N
20418	2019-07-09	2019-08-09	953	\N
20419	2019-08-03	2019-09-03	700	\N
20420	2020-09-14	2020-10-14	142	\N
20421	2019-09-24	2019-10-24	88	\N
20422	2020-09-23	2020-10-23	278	\N
20423	2020-09-01	2020-10-01	954	\N
20424	2020-05-22	2020-06-22	885	\N
20425	2019-07-10	2019-08-10	561	\N
20426	2019-09-29	2019-10-29	550	\N
20427	2021-07-24	2021-08-24	749	\N
20428	2021-07-01	2021-08-01	557	\N
20429	2020-09-19	2020-10-19	520	\N
20430	2021-05-22	2021-06-22	282	\N
20431	2018-09-17	2018-10-17	236	\N
20432	2020-05-25	2020-06-25	739	\N
20433	2019-04-30	2019-05-31	71	\N
20434	2019-09-07	2019-10-07	252	\N
20435	2021-07-28	2021-08-28	767	\N
20436	2021-05-04	2021-06-04	938	\N
20437	2021-05-26	2021-06-26	677	\N
20438	2018-08-13	2018-09-13	281	\N
20439	2020-05-14	2020-06-14	528	\N
20440	2020-07-24	2020-08-24	431	\N
20441	2020-09-08	2020-10-08	592	\N
20442	2019-07-01	2019-08-01	35	\N
20443	2019-05-04	2019-06-04	210	\N
20444	2019-07-04	2019-08-04	392	\N
20445	2021-07-13	2021-08-13	959	\N
20446	2020-05-14	2020-06-14	359	\N
20447	2021-07-26	2021-08-26	609	\N
20448	2021-09-22	2021-10-22	851	\N
20449	2018-07-26	2018-08-26	889	\N
20450	2021-07-07	2021-08-07	379	\N
20451	2020-05-06	2020-06-06	519	\N
20452	2020-09-22	2020-10-22	614	\N
20453	2021-09-08	2021-10-08	470	\N
20454	2021-07-25	2021-08-25	275	\N
20455	2020-07-07	2020-08-07	958	\N
20456	2019-07-29	2019-08-29	537	\N
20457	2020-07-08	2020-08-08	965	\N
20458	2019-07-20	2019-08-20	135	\N
20459	2019-09-15	2019-10-15	577	\N
20460	2020-05-01	2020-06-01	419	\N
20461	2020-05-11	2020-06-11	332	\N
20462	2020-05-18	2020-06-18	26	\N
20463	2021-05-03	2021-06-03	60	\N
20464	2020-05-14	2020-06-14	230	\N
20465	2020-05-10	2020-06-10	486	\N
20466	2020-07-03	2020-08-03	432	\N
20467	2020-05-16	2020-06-16	184	\N
20468	2021-09-28	2021-10-28	767	\N
20469	2020-07-27	2020-08-27	207	\N
20470	2021-07-02	2021-08-02	778	\N
20471	2021-07-22	2021-08-22	64	\N
20472	2019-09-26	2019-10-26	442	\N
20473	2020-05-20	2020-06-20	327	\N
20474	2019-07-12	2019-08-12	923	\N
20475	2019-05-04	2019-06-04	690	\N
20476	2021-09-24	2021-10-24	749	\N
20477	2021-05-04	2021-06-04	734	\N
20478	2021-05-11	2021-06-11	845	\N
20479	2021-07-07	2021-08-07	160	\N
20480	2020-09-28	2020-10-28	356	\N
20481	2019-09-17	2019-10-17	928	\N
20482	2021-04-30	2021-05-31	376	\N
20483	2019-07-26	2019-08-26	849	\N
20484	2020-05-27	2020-06-27	533	\N
20485	2019-05-06	2019-06-06	59	\N
20486	2019-07-17	2019-08-17	337	\N
20487	2021-05-05	2021-06-05	451	\N
20488	2021-07-11	2021-08-11	153	\N
20489	2019-05-04	2019-06-04	651	\N
20490	2021-09-21	2021-10-21	554	\N
20491	2019-07-10	2019-08-10	653	\N
20492	2020-05-15	2020-06-15	396	\N
20493	2020-09-18	2020-10-18	440	\N
20494	2019-08-09	2019-09-09	235	\N
20495	2020-07-01	2020-08-01	419	\N
20496	2020-05-01	2020-06-01	992	\N
20497	2020-07-17	2020-08-17	53	\N
20498	2019-09-21	2019-10-21	283	\N
20499	2019-05-15	2019-06-15	881	\N
20500	2019-09-26	2019-10-26	849	\N
20501	2021-07-11	2021-08-11	845	\N
20502	2021-07-15	2021-08-15	294	\N
20503	2020-09-04	2020-10-04	123	\N
20504	2019-08-15	2019-09-15	701	\N
20505	2019-09-03	2019-10-03	191	\N
20506	2021-07-16	2021-08-16	212	\N
20507	2021-05-23	2021-06-23	278	\N
20508	2021-07-05	2021-08-05	560	\N
20509	2020-09-17	2020-10-17	853	\N
20510	2020-07-19	2020-08-19	630	\N
20511	2021-09-08	2021-10-08	594	\N
20512	2021-09-25	2021-10-25	576	\N
20513	2019-09-10	2019-10-10	447	\N
20514	2021-06-30	2021-07-31	244	\N
20515	2021-09-24	2021-10-24	477	\N
20516	2018-07-26	2018-08-26	949	\N
20517	2019-05-30	2019-06-30	21	\N
20518	2019-09-08	2019-10-08	548	\N
20519	2020-05-13	2020-06-13	996	\N
20520	2019-07-16	2019-08-16	44	\N
20521	2020-07-07	2020-08-07	623	\N
20522	2021-05-06	2021-06-06	805	\N
20523	2021-09-13	2021-10-13	791	\N
20524	2021-09-11	2021-10-11	421	\N
20525	2021-09-25	2021-10-25	86	\N
20526	2020-09-11	2020-10-11	637	\N
20527	2021-09-13	2021-10-13	809	\N
20528	2020-04-30	2020-05-31	572	\N
20529	2021-07-11	2021-08-11	932	\N
20530	2021-09-01	2021-10-01	439	\N
20531	2020-09-15	2020-10-15	562	\N
20532	2019-09-16	2019-10-16	44	\N
20533	2021-07-14	2021-08-14	448	\N
20534	2020-09-19	2020-10-19	667	\N
20535	2019-07-01	2019-08-01	473	\N
20536	2021-09-01	2021-10-01	981	\N
20537	2020-08-04	2020-09-04	603	\N
20538	2020-09-17	2020-10-17	425	\N
20539	2019-07-14	2019-08-14	877	\N
20540	2018-07-17	2018-08-17	175	\N
20541	2021-07-20	2021-08-20	248	\N
20542	2021-09-15	2021-10-15	93	\N
20543	2018-09-24	2018-10-24	674	\N
20544	2020-09-17	2020-10-17	696	\N
20545	2021-07-05	2021-08-05	451	\N
20546	2021-09-17	2021-10-17	24	\N
20547	2020-07-27	2020-08-27	725	\N
20548	2021-09-20	2021-10-20	650	\N
20549	2020-07-08	2020-08-08	536	\N
20550	2020-05-27	2020-06-27	199	\N
20551	2018-07-20	2018-08-20	906	\N
20552	2021-05-18	2021-06-18	1010	\N
20553	2018-09-09	2018-10-09	17	\N
20554	2019-07-07	2019-08-07	70	\N
20555	2019-09-29	2019-10-29	664	\N
20556	2019-09-13	2019-10-13	222	\N
20557	2021-09-14	2021-10-14	766	\N
20558	2019-07-14	2019-08-14	295	\N
20559	2019-09-24	2019-10-24	319	\N
20560	2021-07-10	2021-08-10	83	\N
20561	2021-05-13	2021-06-13	302	\N
20562	2020-07-18	2020-08-18	310	\N
20563	2019-07-26	2019-08-26	461	\N
20564	2021-07-07	2021-08-07	330	\N
20565	2021-05-13	2021-06-13	972	\N
20566	2019-07-04	2019-08-04	373	\N
20567	2018-08-10	2018-09-10	604	\N
20568	2021-07-15	2021-08-15	558	\N
20569	2019-05-28	2019-06-28	919	\N
20570	2020-09-01	2020-10-01	166	\N
20571	2021-09-18	2021-10-18	721	\N
20572	2019-05-23	2019-06-23	689	\N
20573	2018-09-18	2018-10-18	314	\N
20574	2021-07-28	2021-08-28	815	\N
20575	2021-05-08	2021-06-08	592	\N
20576	2019-07-23	2019-08-23	474	\N
20577	2020-07-09	2020-08-09	505	\N
20578	2019-07-28	2019-08-28	398	\N
20579	2021-08-03	2021-09-03	149	\N
20580	2021-07-12	2021-08-12	662	\N
20581	2021-07-04	2021-08-04	734	\N
20582	2021-09-20	2021-10-20	248	\N
20583	2020-07-17	2020-08-17	49	\N
20584	2021-05-23	2021-06-23	95	\N
20585	2020-09-20	2020-10-20	165	\N
20586	2018-09-15	2018-10-15	794	\N
20587	2018-09-26	2018-10-26	889	\N
20588	2019-09-06	2019-10-06	81	\N
20589	2019-09-09	2019-10-09	953	\N
20590	2019-05-26	2019-06-26	889	\N
20591	2021-05-15	2021-06-15	882	\N
20592	2021-05-06	2021-06-06	357	\N
20593	2019-08-04	2019-09-04	264	\N
20594	2020-09-20	2020-10-20	187	\N
20595	2021-09-08	2021-10-08	659	\N
20596	2021-07-26	2021-08-26	913	\N
20597	2021-05-26	2021-06-26	138	\N
20598	2021-05-17	2021-06-17	853	\N
20599	2018-06-04	2018-07-04	490	\N
20600	2020-05-24	2020-06-24	567	\N
20601	2021-09-13	2021-10-13	500	\N
20602	2020-07-06	2020-08-06	66	\N
20603	2020-09-06	2020-10-06	660	\N
20604	2020-08-07	2020-09-07	340	\N
20605	2019-09-26	2019-10-26	810	\N
20606	2020-05-19	2020-06-19	402	\N
20607	2020-07-14	2020-08-14	230	\N
20608	2021-07-18	2021-08-18	1010	\N
20609	2020-07-25	2020-08-25	739	\N
20610	2021-07-15	2021-08-15	882	\N
20611	2021-07-03	2021-08-03	60	\N
20612	2021-05-26	2021-06-26	94	\N
20613	2019-05-04	2019-06-04	803	\N
20614	2018-09-06	2018-10-06	930	\N
20615	2018-08-05	2018-09-05	226	\N
20616	2019-05-21	2019-06-21	200	\N
20617	2020-09-24	2020-10-24	96	\N
20618	2021-09-24	2021-10-24	892	\N
20619	2021-05-10	2021-06-10	208	\N
20620	2020-09-27	2020-10-27	834	\N
20621	2021-09-25	2021-10-25	275	\N
20622	2020-09-24	2020-10-24	431	\N
20623	2021-09-12	2021-10-12	662	\N
20624	2020-05-18	2020-06-18	837	\N
20625	2019-07-17	2019-08-17	203	\N
20626	2021-05-22	2021-06-22	614	\N
20627	2021-05-03	2021-06-03	564	\N
20628	2021-05-19	2021-06-19	667	\N
20629	2021-09-29	2021-10-29	267	\N
20630	2019-07-06	2019-08-06	942	\N
20631	2020-05-17	2020-06-17	595	\N
20632	2021-09-27	2021-10-27	737	\N
20633	2020-09-07	2020-10-07	315	\N
20634	2019-09-10	2019-10-10	653	\N
20635	2021-09-22	2021-10-22	866	\N
20636	2021-07-27	2021-08-27	234	\N
20637	2019-09-24	2019-10-24	847	\N
20638	2021-07-03	2021-08-03	564	\N
20639	2020-05-25	2020-06-25	55	\N
20640	2021-05-15	2021-06-15	617	\N
20641	2019-07-04	2019-08-04	989	\N
20642	2020-05-28	2020-06-28	482	\N
20643	2021-09-16	2021-10-16	713	\N
20644	2021-09-05	2021-10-05	423	\N
20645	2021-09-13	2021-10-13	122	\N
20646	2021-09-27	2021-10-27	234	\N
20647	2021-05-21	2021-06-21	824	\N
20648	2019-05-08	2019-06-08	48	\N
20649	2021-05-25	2021-06-25	933	\N
20650	2019-09-14	2019-10-14	295	\N
20651	2020-09-08	2020-10-08	965	\N
20652	2019-07-20	2019-08-20	821	\N
20653	2021-09-17	2021-10-17	504	\N
20654	2020-07-17	2020-08-17	595	\N
20655	2020-07-05	2020-08-05	935	\N
20656	2020-06-17	2020-07-17	65	\N
20657	2019-07-27	2019-08-27	507	\N
20658	2020-08-10	2020-09-10	77	\N
20659	2018-09-19	2018-10-19	627	\N
20660	2021-07-12	2021-08-12	854	\N
20661	2020-05-23	2020-06-23	472	\N
20662	2019-07-22	2019-08-22	780	\N
20663	2021-05-20	2021-06-20	187	\N
20664	2019-07-08	2019-08-08	48	\N
20665	2020-09-25	2020-10-25	459	\N
20666	2018-08-04	2018-09-04	490	\N
20667	2020-09-17	2020-10-17	595	\N
20668	2021-05-06	2021-06-06	660	\N
20669	2020-07-25	2020-08-25	55	\N
20670	2019-09-10	2019-10-10	561	\N
20671	2019-07-12	2019-08-12	324	\N
20672	2019-09-03	2019-10-03	746	\N
20673	2019-05-20	2019-06-20	136	\N
20674	2021-05-25	2021-06-25	434	\N
20675	2021-07-25	2021-08-25	331	\N
20676	2019-09-20	2019-10-20	821	\N
20677	2019-05-20	2019-06-20	951	\N
20678	2019-07-18	2019-08-18	781	\N
20679	2021-05-08	2021-06-08	965	\N
20680	2021-07-06	2021-08-06	769	\N
20681	2020-07-16	2020-08-16	752	\N
20682	2021-09-23	2021-10-23	287	\N
20683	2021-05-17	2021-06-17	595	\N
20684	2019-07-25	2019-08-25	221	\N
20685	2019-07-12	2019-08-12	1007	\N
20686	2021-05-27	2021-06-27	356	\N
20687	2021-07-10	2021-08-10	489	\N
20688	2020-07-23	2020-08-23	814	\N
20689	2019-07-15	2019-08-15	20	\N
20690	2021-05-10	2021-06-10	325	\N
20691	2019-09-02	2019-10-02	176	\N
20692	2019-09-03	2019-10-03	907	\N
20693	2018-08-15	2018-09-15	773	\N
20694	2020-09-11	2020-10-11	424	\N
20695	2020-09-30	2020-10-30	563	\N
20696	2020-07-09	2020-08-09	312	\N
20697	2021-09-09	2021-10-09	673	\N
20698	2020-09-14	2020-10-14	230	\N
20699	2021-05-08	2021-06-08	438	\N
20700	2021-05-01	2021-06-01	948	\N
20701	2021-07-10	2021-08-10	325	\N
20702	2019-09-08	2019-10-08	48	\N
20703	2021-09-15	2021-10-15	558	\N
20704	2018-09-05	2018-10-05	774	\N
20705	2019-05-05	2019-06-05	741	\N
20706	2019-09-26	2019-10-26	415	\N
20707	2019-07-04	2019-08-04	171	\N
20708	2021-07-26	2021-08-26	12	\N
20709	2021-05-21	2021-06-21	217	\N
20710	2021-09-01	2021-10-01	557	\N
20711	2021-06-03	2021-07-03	946	\N
20712	2020-05-27	2020-06-27	862	\N
20713	2021-09-21	2021-10-21	211	\N
20714	2021-05-25	2021-06-25	228	\N
20715	2021-05-10	2021-06-10	77	\N
20716	2020-09-15	2020-10-15	189	\N
20717	2020-05-17	2020-06-17	190	\N
20718	2019-05-18	2019-06-18	15	\N
20719	2019-07-21	2019-08-21	682	\N
20720	2019-07-15	2019-08-15	881	\N
20721	2019-09-18	2019-10-18	781	\N
20722	2018-05-25	2018-06-25	726	\N
20723	2020-05-10	2020-06-10	1005	\N
20724	2020-05-28	2020-06-28	765	\N
20725	2021-05-15	2021-06-15	562	\N
20726	2020-09-10	2020-10-10	483	\N
20727	2020-07-15	2020-08-15	243	\N
20728	2018-07-22	2018-08-22	740	\N
20729	2020-09-20	2020-10-20	101	\N
20730	2019-09-25	2019-10-25	221	\N
20731	2021-09-18	2021-10-18	414	\N
20732	2018-09-17	2018-10-17	175	\N
20733	2020-05-23	2020-06-23	828	\N
20734	2021-05-17	2021-06-17	425	\N
20735	2021-09-14	2021-10-14	448	\N
20736	2019-09-27	2019-10-27	37	\N
20737	2020-09-24	2020-10-24	693	\N
20738	2019-07-08	2019-08-08	857	\N
20739	2018-09-25	2018-10-25	566	\N
20740	2020-09-23	2020-10-23	838	\N
20741	2020-05-07	2020-06-07	46	\N
20742	2018-09-11	2018-10-11	280	\N
20743	2020-05-04	2020-06-04	372	\N
20744	2020-09-06	2020-10-06	66	\N
20745	2019-05-07	2019-06-07	463	\N
20746	2020-05-05	2020-06-05	745	\N
20747	2020-07-18	2020-08-18	789	\N
20748	2021-05-07	2021-06-07	547	\N
20749	2020-07-06	2020-08-06	300	\N
20750	2021-05-20	2021-06-20	888	\N
20751	2019-09-06	2019-10-06	942	\N
20752	2021-05-09	2021-06-09	819	\N
20753	2018-09-15	2018-10-15	285	\N
20754	2020-09-13	2020-10-13	338	\N
20755	2019-09-15	2019-10-15	891	\N
20756	2020-09-15	2020-10-15	243	\N
20757	2020-09-20	2020-10-20	90	\N
20758	2020-05-09	2020-06-09	953	\N
20759	2020-07-25	2020-08-25	648	\N
20760	2018-05-28	2018-06-28	491	\N
20761	2020-07-25	2020-08-25	13	\N
20762	2020-08-01	2020-09-01	816	\N
20763	2019-09-25	2019-10-25	544	\N
20764	2019-05-13	2019-06-13	377	\N
20765	2020-05-16	2020-06-16	968	\N
20766	2021-07-06	2021-08-06	805	\N
20767	2020-07-19	2020-08-19	31	\N
20768	2020-05-13	2020-06-13	222	\N
20769	2019-05-23	2019-06-23	213	\N
20770	2020-05-28	2020-06-28	550	\N
20771	2020-07-24	2020-08-24	567	\N
20772	2020-07-16	2020-08-16	168	\N
20773	2021-05-04	2021-06-04	123	\N
20774	2020-05-25	2020-06-25	221	\N
20775	2021-05-14	2021-06-14	724	\N
20776	2020-09-24	2020-10-24	955	\N
20777	2021-09-07	2021-10-07	204	\N
20778	2018-09-06	2018-10-06	896	\N
20779	2020-05-02	2020-06-02	79	\N
20780	2021-07-27	2021-08-27	869	\N
20781	2020-07-13	2020-08-13	222	\N
20782	2019-05-10	2019-06-10	418	\N
20783	2020-07-19	2020-08-19	132	\N
20784	2021-09-11	2021-10-11	845	\N
20785	2020-09-12	2020-10-12	40	\N
20786	2021-05-01	2021-06-01	166	\N
20787	2020-09-25	2020-10-25	739	\N
20788	2021-07-23	2021-08-23	916	\N
20789	2019-09-28	2019-10-28	156	\N
20790	2019-09-12	2019-10-12	75	\N
20791	2019-09-08	2019-10-08	266	\N
20792	2020-09-10	2020-10-10	873	\N
20793	2021-05-08	2021-06-08	334	\N
20794	2021-09-07	2021-10-07	160	\N
20795	2020-05-08	2020-06-08	48	\N
20796	2021-09-07	2021-10-07	379	\N
20797	2020-05-26	2020-06-26	810	\N
20798	2019-08-05	2019-09-05	966	\N
20799	2021-07-07	2021-08-07	547	\N
20800	2020-05-27	2020-06-27	156	\N
20801	2020-07-25	2020-08-25	221	\N
20802	2021-07-15	2021-08-15	733	\N
20803	2021-09-19	2021-10-19	346	\N
20804	2020-09-25	2020-10-25	648	\N
20805	2020-08-10	2020-09-10	261	\N
20806	2020-05-08	2020-06-08	548	\N
20807	2018-09-20	2018-10-20	906	\N
20808	2020-07-16	2020-08-16	104	\N
20809	2019-09-15	2019-10-15	20	\N
20810	2018-07-29	2018-08-29	186	\N
20811	2021-07-24	2021-08-24	85	\N
20812	2021-05-23	2021-06-23	109	\N
20813	2020-07-08	2020-08-08	48	\N
20814	2021-09-23	2021-10-23	916	\N
20815	2019-07-26	2019-08-26	961	\N
20816	2020-07-28	2020-08-28	145	\N
20817	2018-09-15	2018-10-15	360	\N
20818	2020-09-13	2020-10-13	925	\N
20819	2021-07-05	2021-08-05	831	\N
20820	2021-05-25	2021-06-25	459	\N
20821	2019-05-13	2019-06-13	445	\N
20822	2020-05-07	2020-06-07	129	\N
20823	2021-05-13	2021-06-13	841	\N
20824	2021-05-16	2021-06-16	865	\N
20825	2020-05-28	2020-06-28	664	\N
20826	2021-07-07	2021-08-07	709	\N
20827	2019-05-25	2019-06-25	912	\N
20828	2020-05-09	2020-06-09	475	\N
20829	2020-08-02	2020-09-02	29	\N
20830	2019-07-23	2019-08-23	213	\N
20831	2019-07-18	2019-08-18	225	\N
20832	2020-05-04	2020-06-04	317	\N
20833	2019-07-01	2019-08-01	58	\N
20834	2020-05-27	2020-06-27	894	\N
20835	2021-07-25	2021-08-25	459	\N
20836	2020-05-27	2020-06-27	443	\N
20837	2021-07-10	2021-08-10	77	\N
20838	2019-05-19	2019-06-19	627	\N
20839	2020-05-12	2020-06-12	389	\N
20840	2021-07-22	2021-08-22	502	\N
20841	2019-09-15	2019-10-15	940	\N
20842	2019-07-13	2019-08-13	245	\N
20843	2020-05-20	2020-06-20	821	\N
20844	2019-07-29	2019-08-29	219	\N
20845	2021-09-20	2021-10-20	723	\N
20846	2021-05-02	2021-06-02	293	\N
20847	2020-05-04	2020-06-04	652	\N
20848	2019-05-16	2019-06-16	856	\N
20849	2020-07-27	2020-08-27	894	\N
20850	2020-05-15	2020-06-15	891	\N
20851	2019-09-07	2019-10-07	63	\N
20852	2021-08-31	2021-10-01	736	\N
20853	2021-04-30	2021-05-31	616	\N
20854	2020-09-16	2020-10-16	104	\N
20855	2020-05-26	2020-06-26	442	\N
20856	2021-07-21	2021-08-21	824	\N
20857	2019-05-17	2019-06-17	247	\N
20858	2019-05-05	2019-06-05	774	\N
20859	2020-05-15	2020-06-15	701	\N
20860	2020-05-07	2020-06-07	252	\N
20861	2021-05-13	2021-06-13	338	\N
20862	2020-05-26	2020-06-26	849	\N
\.


--
-- Data for Name: application; Type: TABLE DATA; Schema: public; Owner: postgres
--

COPY public.application (id, years_of_experience, competence_id, person_id) FROM stdin;
4971	0.2	1	11
4972	3.4	2	11
4973	1.5	3	11
4974	1.1	1	12
4975	1.5	2	12
4976	1.9	3	13
4977	0.3	1	13
4978	1.4	1	15
4979	0.6	2	15
4980	3.6	3	15
4981	1.5	1	16
4982	0.6	2	16
4983	2.3	1	17
4984	1.9	1	18
4985	3.8	2	18
4986	3.2	1	21
4987	0.6	2	21
4988	0.3	3	21
4989	1.4	2	22
4990	1.6	3	22
4991	0.1	1	22
4992	0.1	1	23
4993	1.6	3	25
4994	2.2	1	26
4995	2.2	2	26
4996	1.4	3	26
4997	2.2	3	27
4998	0.6	1	28
4999	1.4	2	28
5000	1.3	1	29
5001	2.2	3	32
5002	1.7	1	32
5003	3.5	3	33
5004	0.3	1	33
5005	3.5	2	33
5006	2.2	1	34
5007	2.2	2	35
5008	1.8	3	36
5009	1.5	1	37
5010	2.7	2	37
5011	3.7	3	37
5012	1.3	2	40
5013	0.8	3	40
5014	1.1	1	40
5015	1.6	2	41
5016	2.4	2	42
5017	3.7	3	42
5018	1.9	1	42
5019	2.4	1	43
5020	3.5	3	44
5021	1.1	1	45
5022	1.3	3	46
5023	1.6	1	46
5024	0.1	2	46
5025	3.7	3	47
5026	0.3	1	47
5027	0.2	3	48
5028	0.9	1	48
5029	0.3	2	48
5030	1.4	3	49
5031	1.5	1	49
5032	3.5	2	51
5033	0.7	3	51
5034	0.8	1	51
5035	2.5	2	53
5036	3.9	2	54
5037	1.3	2	55
5038	2.4	3	56
5039	1.9	1	56
5040	3.3	2	56
5041	0.2	2	57
5042	1.6	3	57
5043	1.8	1	57
5044	2.1	1	58
5045	2.6	2	58
5046	3.1	1	59
5047	2.1	3	61
5048	1.7	1	61
5049	2.1	2	61
5050	1.8	1	63
5051	0.5	2	63
5052	1.2	3	63
5053	3.8	1	64
5054	2.6	2	64
5055	3.3	2	66
5056	0.7	3	66
5057	1.5	1	67
5058	2.1	3	68
5059	2.3	1	70
5060	2.6	3	71
5061	1.9	2	72
5062	0.6	3	72
5063	1.9	2	74
5064	2.4	3	74
5065	0.7	3	76
5066	3.4	1	76
5067	1.3	2	76
5068	2.6	1	77
5069	3.1	1	78
5070	0.6	2	78
5071	1.3	1	79
5072	1.5	2	79
5073	2.9	3	79
5074	1.7	3	80
5075	3.1	1	80
5076	2.7	2	80
5077	2.7	1	81
5078	0.8	2	81
5079	1.6	3	81
5080	3.1	2	82
5081	1.2	3	82
5082	2.2	3	84
5083	0.3	1	84
5084	3.2	2	85
5085	2.5	3	85
5086	0.2	1	85
5087	0.5	3	86
5088	1.5	1	86
5089	3.2	2	86
5090	2.7	2	87
5091	1.4	3	87
5092	2.4	2	89
5093	2.7	3	89
5094	0.2	1	89
5095	3.5	1	90
5096	1.8	2	90
5097	3.3	3	90
5098	3.4	1	91
5099	3.2	2	91
5100	1.8	3	91
5101	3.3	3	92
5102	3.3	1	92
5103	2.6	3	93
5104	1.5	1	93
5105	0.7	3	94
5106	2.3	1	94
5107	3.6	2	96
5108	1.4	3	96
5109	0.1	2	97
5110	0.1	3	97
5111	0.1	1	97
5112	3.5	2	98
5113	1.4	3	98
5114	3.4	3	100
5115	0.5	1	100
5116	1.5	1	101
5117	2.9	3	102
5118	0.9	1	102
5119	2.9	2	102
5120	2.4	1	105
5121	0.4	2	105
5122	0.8	3	106
5123	0.7	1	106
5124	3.1	1	107
5125	2.3	2	110
5126	2.3	2	111
5127	2.4	3	111
5128	3.2	2	112
5129	3.9	3	112
5130	2.2	1	112
5131	2.1	2	113
5132	0.9	2	114
5133	0.3	3	114
5134	2.3	1	114
5135	2.5	2	116
5136	0.5	2	118
5137	2.6	3	118
5138	3.7	3	119
5139	3.6	1	119
5140	0.3	2	120
5141	2.2	3	121
5142	0.7	1	121
5143	1.5	3	122
5144	3.2	2	124
5145	3.9	3	124
5146	0.9	1	125
5147	1.4	2	125
5148	1.4	3	125
5149	0.1	3	127
5150	1.4	1	127
5151	1.9	2	127
5152	0.5	2	128
5153	0.8	1	130
5154	2.5	2	130
5155	0.2	3	130
5156	2.8	3	131
5157	0.2	1	131
5158	0.1	1	133
5159	3.5	2	133
5160	1.8	1	134
5161	3.4	2	135
5162	0.8	1	136
5163	0.2	2	136
5164	3.4	3	136
5165	0.7	2	138
5166	0.1	3	138
5167	0.5	2	139
5168	0.6	3	139
5169	0.2	3	140
5170	3.3	1	140
5171	0.5	2	140
5172	2.8	1	141
5173	1.6	2	142
5174	0.9	1	143
5175	2.3	2	144
5176	3.5	3	144
5177	1.9	1	144
5178	2.7	3	145
5179	1.4	1	145
5180	2.6	2	145
5181	3.5	1	146
5182	2.3	3	148
5183	2.3	1	148
5184	0.9	2	149
5185	3.9	3	149
5186	0.3	1	149
5187	2.8	3	150
5188	3.6	1	150
5189	3.1	2	150
5190	1.5	1	152
5191	2.7	2	152
5192	2.2	2	154
5193	2.1	3	154
5194	2.4	1	155
5195	2.1	2	155
5196	3.2	3	156
5197	0.8	1	156
5198	3.8	1	158
5199	3.1	3	159
5200	2.7	1	159
5201	2.2	2	159
5202	3.9	2	160
5203	0.7	2	161
5204	1.7	2	162
5205	0.9	3	162
5206	3.3	3	163
5207	2.3	1	164
5208	1.6	2	164
5209	1.4	3	164
5210	0.2	1	165
5211	2.6	2	166
5212	2.8	1	167
5213	1.4	1	168
5214	2.2	2	168
5215	1.4	3	168
5216	3.2	3	169
5217	0.3	2	171
5218	3.6	3	171
5219	1.7	1	171
5220	3.3	1	172
5221	2.3	2	172
5222	0.1	1	173
5223	2.1	1	174
5224	1.8	3	175
5225	0.4	1	175
5226	3.8	2	175
5227	2.8	2	176
5228	0.9	3	176
5229	3.4	1	176
5230	1.3	3	177
5231	2.5	1	177
5232	2.6	1	178
5233	3.6	3	179
5234	0.3	1	180
5235	3.8	2	180
5236	0.5	1	181
5237	3.9	2	181
5238	1.6	1	183
5239	1.2	2	185
5240	2.8	3	185
5241	1.2	1	185
5242	2.6	1	186
5243	0.9	2	187
5244	2.5	3	187
5245	2.7	1	190
5246	2.3	2	191
5247	0.8	3	191
5248	3.3	1	193
5249	0.8	2	193
5250	3.8	3	193
5251	0.8	2	195
5252	2.4	3	195
5253	0.6	3	196
5254	0.2	1	196
5255	3.2	2	196
5256	1.5	3	197
5257	3.2	1	197
5258	1.5	2	199
5259	2.7	3	199
5260	1.8	1	199
5261	0.7	2	201
5262	0.9	3	201
5263	2.6	1	201
5264	1.8	3	202
5265	0.4	2	203
5266	0.1	3	203
5267	2.3	1	203
5268	1.1	3	204
5269	2.9	1	204
5270	0.8	2	204
5271	1.2	3	206
5272	3.5	1	206
5273	0.8	3	207
5274	1.5	1	207
5275	1.9	2	208
5276	3.4	3	209
5277	3.4	1	210
5278	0.1	3	211
5279	1.1	1	211
5280	1.6	2	211
5281	2.5	2	212
5282	3.2	3	212
5283	1.9	1	212
5284	3.3	3	213
5285	2.1	1	213
5286	2.2	2	214
5287	1.7	2	215
5288	1.7	3	215
5289	0.9	3	216
5290	0.3	1	216
5291	0.9	2	216
5292	2.5	3	219
5293	0.1	3	223
5294	3.9	1	224
5295	3.1	2	224
5296	3.3	3	224
5297	0.2	3	225
5298	0.6	1	225
5299	2.3	1	226
5300	1.7	2	226
5301	2.9	3	227
5302	0.7	1	228
5303	1.1	1	229
5304	0.5	2	229
5305	3.3	2	230
5306	1.9	3	230
5307	1.9	2	231
5308	3.5	3	232
5309	1.1	1	232
5310	2.8	3	233
5311	2.8	1	233
5312	1.9	2	234
5313	3.5	3	234
5314	3.9	1	234
5315	3.4	3	235
5316	1.8	1	235
5317	3.8	2	235
5318	1.5	3	236
5319	1.4	1	237
5320	1.6	1	238
5321	1.9	2	238
5322	0.6	3	239
5323	1.1	1	239
5324	0.3	2	239
5325	0.7	3	240
5326	2.9	3	241
5327	2.3	2	242
5328	3.4	3	242
5329	2.6	3	243
5330	2.3	2	244
5331	1.4	3	244
5332	2.2	2	245
5333	3.9	2	246
5334	3.6	3	246
5335	3.8	1	247
5336	0.6	2	247
5337	1.2	1	249
5338	1.1	2	249
5339	0.5	3	249
5340	1.8	1	250
5341	2.4	2	250
5342	0.1	3	250
5343	1.8	1	251
5344	0.3	2	252
5345	0.5	1	253
5346	0.7	2	255
5347	1.8	3	256
5348	3.6	1	256
5349	3.4	1	257
5350	2.7	2	257
5351	2.3	3	258
5352	3.9	1	258
5353	1.2	2	258
5354	1.1	2	259
5355	0.2	3	259
5356	1.6	1	260
5357	1.7	2	260
5358	1.6	3	262
5359	1.9	2	266
5360	1.7	1	267
5361	0.2	2	267
5362	2.6	3	267
5363	0.8	1	269
5364	1.8	2	269
5365	3.3	1	272
5366	2.4	2	272
5367	1.6	1	273
5368	2.9	2	273
5369	3.7	3	273
5370	2.5	3	274
5371	2.5	1	274
5372	2.8	2	274
5373	2.6	3	275
5374	2.6	1	275
5375	0.6	2	275
5376	1.4	1	278
5377	2.4	2	279
5378	0.7	3	279
5379	2.5	1	279
5380	2.4	1	280
5381	2.1	1	281
5382	2.4	2	281
5383	2.5	1	282
5384	3.3	2	282
5385	3.9	3	283
5386	1.1	1	283
5387	2.8	2	283
5388	0.7	1	284
5389	3.4	2	285
5390	1.2	3	285
5391	2.4	1	285
5392	0.6	3	286
5393	0.5	1	286
5394	0.5	2	286
5395	3.2	2	287
5396	3.5	3	287
5397	2.5	1	288
5398	1.3	2	288
5399	1.6	3	289
5400	1.6	1	289
5401	1.9	2	289
5402	1.9	3	291
5403	0.3	1	291
5404	0.2	2	292
5405	0.5	3	292
5406	2.9	2	294
5407	2.8	2	295
5408	0.6	2	296
5409	3.3	3	296
5410	2.5	1	297
5411	1.4	2	297
5412	1.9	2	298
5413	1.7	1	299
5414	0.7	1	300
5415	2.3	2	302
5416	3.9	3	302
5417	2.1	2	304
5418	0.3	3	304
5419	3.2	1	304
5420	0.4	2	305
5421	1.8	3	306
5422	3.2	1	306
5423	3.7	1	307
5424	1.2	2	307
5425	2.5	2	309
5426	2.7	3	309
5427	2.4	1	309
5428	2.8	3	312
5429	2.2	1	312
5430	2.7	2	313
5431	3.2	3	313
5432	3.6	1	314
5433	1.4	2	314
5434	1.4	2	315
5435	0.6	3	315
5436	1.6	1	315
5437	3.3	3	316
5438	3.4	1	316
5439	1.4	2	316
5440	0.9	3	317
5441	0.5	1	317
5442	0.5	2	317
5443	2.2	3	318
5444	3.1	1	318
5445	1.7	1	319
5446	2.6	2	319
5447	2.3	3	319
5448	3.8	3	321
5449	2.8	1	322
5450	3.1	2	322
5451	2.8	3	322
5452	3.3	2	323
5453	2.9	3	324
5454	0.9	2	325
5455	2.9	1	326
5456	1.6	2	326
5457	1.9	3	326
5458	1.2	1	327
5459	3.3	2	327
5460	0.5	3	327
5461	0.2	1	330
5462	3.2	2	330
5463	1.1	1	331
5464	3.8	2	331
5465	0.9	3	331
5466	0.6	1	332
5467	0.9	2	332
5468	2.8	2	334
5469	2.1	3	334
5470	3.1	1	334
5471	2.8	1	335
5472	0.3	2	335
5473	3.6	3	335
5474	3.8	2	336
5475	2.2	2	337
5476	2.3	3	338
5477	2.6	3	339
5478	3.5	3	340
5479	0.1	1	340
5480	1.8	2	340
5481	2.3	2	341
5482	1.1	3	341
5483	3.3	1	341
5484	0.8	1	342
5485	3.3	2	342
5486	2.4	2	343
5487	1.2	3	343
5488	1.6	1	343
5489	2.4	2	345
5490	1.5	3	345
5491	1.1	1	345
5492	3.2	2	346
5493	3.1	3	346
5494	2.2	1	347
5495	3.7	2	347
5496	3.3	3	348
5497	3.2	1	349
5498	1.9	2	349
5499	3.3	1	350
5500	0.1	3	351
5501	3.6	1	351
5502	1.8	2	351
5503	3.3	2	352
5504	2.6	3	352
5505	2.3	1	352
5506	0.9	1	353
5507	1.6	2	353
5508	1.1	3	353
5509	1.5	3	354
5510	0.6	1	354
5511	0.2	1	355
5512	0.2	2	355
5513	3.4	3	355
5514	0.3	2	356
5515	3.7	1	358
5516	0.2	2	358
5517	1.3	1	359
5518	2.3	2	359
5519	1.7	3	359
5520	3.7	3	360
5521	3.7	1	360
5522	2.7	1	361
5523	3.4	2	361
5524	2.7	1	362
5525	0.3	3	363
5526	1.9	1	365
5527	3.2	1	366
5528	0.3	2	366
5529	3.7	2	370
5530	2.4	2	371
5531	0.3	3	371
5532	1.4	2	372
5533	0.6	3	372
5534	3.9	1	372
5535	1.8	1	373
5536	1.1	3	374
5537	0.8	1	374
5538	3.5	2	374
5539	1.1	1	375
5540	3.3	2	375
5541	1.8	1	376
5542	2.8	2	376
5543	2.5	1	377
5544	3.1	2	377
5545	2.9	3	377
5546	3.5	1	379
5547	1.6	2	379
5548	3.3	2	382
5549	2.6	3	386
5550	2.1	1	386
5551	2.2	2	387
5552	0.7	2	388
5553	3.2	3	388
5554	0.3	1	389
5555	3.8	2	389
5556	3.4	3	390
5557	1.6	1	390
5558	1.7	2	390
5559	3.4	2	391
5560	3.3	3	391
5561	3.6	3	393
5562	3.1	1	393
5563	0.3	2	394
5564	3.7	3	394
5565	2.5	1	394
5566	2.7	2	395
5567	2.2	3	395
5568	2.9	2	396
5569	0.1	3	396
5570	2.6	3	398
5571	0.9	2	399
5572	3.9	3	399
5573	0.6	2	400
5574	2.9	2	402
5575	3.7	2	403
5576	0.5	1	404
5577	1.5	2	404
5578	1.7	1	405
5579	0.9	3	406
5580	1.7	1	406
5581	1.5	2	406
5582	3.8	3	407
5583	0.4	1	408
5584	1.3	2	408
5585	3.7	3	408
5586	0.3	2	409
5587	1.7	2	410
5588	0.4	3	410
5589	0.9	1	410
5590	1.2	1	411
5591	0.5	1	412
5592	2.4	2	412
5593	3.9	3	412
5594	0.5	1	414
5595	1.1	2	414
5596	2.1	3	414
5597	1.9	3	415
5598	1.9	1	415
5599	3.9	3	417
5600	0.5	1	420
5601	3.3	2	420
5602	1.5	3	420
5603	0.7	1	421
5604	3.7	2	421
5605	0.6	3	422
5606	1.3	3	425
5607	3.1	1	425
5608	0.1	3	426
5609	3.5	1	426
5610	1.5	2	427
5611	0.4	3	427
5612	1.6	1	427
5613	1.1	2	428
5614	3.6	3	428
5615	3.2	2	429
5616	2.1	3	429
5617	1.9	1	429
5618	1.6	3	430
5619	2.6	3	431
5620	2.7	1	431
5621	2.6	2	431
5622	2.9	1	432
5623	2.4	1	433
5624	0.5	3	436
5625	1.5	1	436
5626	2.3	3	437
5627	1.4	1	437
5628	1.1	3	438
5629	2.7	1	438
5630	1.3	2	438
5631	2.3	1	441
5632	2.2	2	442
5633	2.9	2	443
5634	2.5	3	443
5635	3.6	2	444
5636	2.8	3	444
5637	2.8	1	445
5638	3.6	2	446
5639	2.3	2	447
5640	1.6	3	447
5641	3.5	3	448
5642	1.9	1	448
5643	0.6	2	448
5644	3.6	2	449
5645	0.4	1	450
5646	1.4	2	450
5647	0.8	3	450
5648	1.2	1	451
5649	2.5	1	452
5650	1.4	3	453
5651	0.6	1	454
5652	1.7	2	454
5653	3.7	3	454
5654	2.7	2	456
5655	1.8	3	456
5656	3.1	1	458
5657	0.2	2	459
5658	2.4	3	459
5659	2.2	2	460
5660	1.2	3	460
5661	3.7	1	461
5662	1.9	2	461
5663	0.1	2	464
5664	2.2	3	464
5665	3.2	1	464
5666	0.3	1	465
5667	1.8	2	465
5668	2.6	1	466
5669	2.8	2	466
5670	1.2	1	467
5671	0.1	1	468
5672	1.8	2	468
5673	3.5	3	468
5674	3.4	3	469
5675	0.5	1	469
5676	1.8	2	469
5677	2.9	2	470
5678	3.1	3	470
5679	2.6	3	471
5680	3.2	1	471
5681	1.5	2	472
5682	0.8	3	472
5683	1.3	1	472
5684	2.6	1	473
5685	2.9	2	473
5686	2.4	3	473
5687	2.2	2	475
5688	3.5	3	475
5689	3.5	2	476
5690	3.3	3	476
5691	2.1	1	477
5692	2.8	1	478
5693	2.5	2	478
5694	3.2	3	478
5695	1.7	1	479
5696	0.2	2	479
5697	3.8	3	480
5698	1.7	1	481
5699	2.5	2	481
5700	1.9	2	482
5701	0.2	3	482
5702	0.8	1	482
5703	3.6	3	483
5704	2.8	1	483
5705	3.6	3	484
5706	1.2	3	485
5707	1.7	1	485
5708	2.5	3	486
5709	2.6	1	486
5710	2.9	1	487
5711	1.7	2	487
5712	3.3	3	487
5713	2.5	2	488
5714	2.3	3	488
5715	1.1	1	488
5716	3.7	2	489
5717	3.3	3	489
5718	3.8	3	490
5719	0.4	1	490
5720	0.7	1	491
5721	1.6	3	492
5722	1.7	1	492
5723	0.2	1	493
5724	0.2	2	493
5725	2.6	1	494
5726	1.2	3	495
5727	3.4	1	495
5728	3.2	2	495
5729	2.3	3	500
5730	3.7	2	502
5731	2.8	3	506
5732	0.7	2	508
5733	2.1	2	509
5734	2.6	1	510
5735	0.2	2	510
5736	2.9	3	510
5737	2.4	2	511
5738	2.6	3	511
5739	0.3	3	512
5740	2.1	2	514
5741	1.8	3	514
5742	0.5	3	515
5743	0.8	1	515
5744	0.2	2	516
5745	2.7	3	517
5746	0.4	1	518
5747	2.1	2	518
5748	2.5	3	518
5749	1.2	2	519
5750	2.6	3	519
5751	0.6	2	520
5752	0.6	3	520
5753	0.7	1	520
5754	0.5	3	521
5755	0.5	1	521
5756	2.9	1	522
5757	0.4	1	523
5758	0.4	2	523
5759	2.4	2	524
5760	1.6	3	524
5761	3.8	1	524
5762	1.4	2	526
5763	0.8	3	526
5764	1.9	1	526
5765	0.8	1	527
5766	3.4	2	527
5767	0.2	3	527
5768	3.6	1	530
5769	1.7	1	531
5770	1.1	1	532
5771	2.1	2	532
5772	2.1	3	533
5773	3.2	1	533
5774	2.8	3	534
5775	0.8	1	535
5776	1.4	3	536
5777	1.1	1	540
5778	0.4	2	540
5779	0.3	3	541
5780	0.5	1	541
5781	0.3	2	541
5782	1.5	3	543
5783	3.3	1	543
5784	1.1	3	544
5785	0.3	1	545
5786	1.1	2	545
5787	3.1	3	545
5788	0.8	3	547
5789	3.7	1	547
5790	3.7	2	547
5791	3.1	3	549
5792	3.8	1	549
5793	3.4	2	549
5794	1.8	1	550
5795	0.7	2	550
5796	3.9	3	550
5797	3.9	3	552
5798	3.1	1	552
5799	2.4	2	555
5800	0.8	3	555
5801	1.7	1	555
5802	0.3	1	556
5803	0.9	2	556
5804	0.2	3	557
5805	3.8	1	557
5806	0.2	3	558
5807	2.5	2	559
5808	0.9	1	562
5809	2.3	1	564
5810	0.6	2	564
5811	1.3	2	565
5812	0.6	3	565
5813	1.9	1	566
5814	1.8	2	566
5815	2.3	2	567
5816	2.3	3	567
5817	3.3	1	568
5818	2.3	2	568
5819	1.2	2	569
5820	1.7	1	570
5821	1.7	2	570
5822	3.1	3	570
5823	0.5	1	571
5824	1.1	1	572
5825	3.5	2	573
5826	3.3	3	573
5827	2.5	1	574
5828	1.7	2	574
5829	2.7	3	574
5830	1.7	1	575
5831	0.8	2	575
5832	2.7	2	576
5833	0.5	3	576
5834	0.1	1	577
5835	3.4	3	579
5836	1.9	1	579
5837	3.2	2	580
5838	2.3	1	582
5839	1.2	1	584
5840	3.8	3	585
5841	0.3	1	585
5842	0.6	2	585
5843	3.1	1	587
5844	2.6	2	587
5845	0.7	3	588
5846	1.7	1	588
5847	3.3	2	588
5848	2.1	1	589
5849	0.9	2	591
5850	0.1	3	591
5851	1.6	2	592
5852	1.3	1	593
5853	2.4	2	593
5854	1.7	3	593
5855	0.3	3	594
5856	1.1	1	595
5857	1.3	2	595
5858	0.6	3	595
5859	2.1	2	596
5860	0.7	3	597
5861	3.9	1	597
5862	1.8	1	598
5863	3.6	3	599
5864	0.3	1	599
5865	2.9	2	599
5866	1.2	1	600
5867	1.2	3	601
5868	0.5	1	602
5869	2.7	2	603
5870	0.1	2	608
5871	0.1	1	609
5872	1.2	2	609
5873	1.5	3	609
5874	0.8	3	611
5875	2.8	1	611
5876	1.8	2	611
5877	2.6	2	612
5878	2.2	1	613
5879	2.7	2	613
5880	3.8	3	613
5881	0.9	2	614
5882	3.4	3	614
5883	2.8	1	615
5884	1.9	2	615
5885	1.1	3	615
5886	3.1	3	616
5887	0.5	1	616
5888	3.2	2	617
5889	0.6	3	617
5890	1.8	3	619
5891	3.1	3	620
5892	3.6	1	620
5893	0.9	2	621
5894	2.8	1	623
5895	0.8	2	623
5896	1.8	3	624
5897	1.6	1	628
5898	3.3	2	628
5899	1.9	1	629
5900	3.7	2	629
5901	2.6	3	629
5902	0.5	1	630
5903	1.2	2	630
5904	0.6	3	630
5905	0.5	3	631
5906	2.9	1	631
5907	0.1	3	632
5908	1.1	1	632
5909	1.3	3	633
5910	0.1	1	633
5911	3.3	3	634
5912	2.1	1	634
5913	3.5	2	634
5914	3.5	2	635
5915	2.8	2	636
5916	0.2	3	637
5917	3.9	1	637
5918	2.6	2	637
5919	2.9	2	638
5920	3.9	1	639
5921	0.2	2	639
5922	3.1	3	639
5923	0.3	1	640
5924	3.9	2	640
5925	3.8	3	640
5926	2.1	1	641
5927	1.8	2	641
5928	1.3	3	641
5929	1.8	2	642
5930	3.3	1	643
5931	0.1	2	643
5932	2.2	3	643
5933	1.5	2	644
5934	2.6	3	644
5935	0.9	1	644
5936	2.7	2	645
5937	3.4	1	646
5938	3.7	2	646
5939	2.7	3	646
5940	0.3	1	647
5941	2.1	2	647
5942	3.6	3	647
5943	3.7	2	649
5944	3.2	3	650
5945	3.2	1	650
5946	0.7	3	652
5947	3.1	3	653
5948	0.9	1	653
5949	0.9	2	655
5950	1.4	1	656
5951	1.9	2	656
5952	3.6	1	657
5953	1.8	2	657
5954	1.1	3	657
5955	1.6	3	659
5956	1.6	1	659
5957	3.5	2	660
5958	0.2	3	660
5959	3.8	3	661
5960	3.1	1	661
5961	0.7	2	661
5962	2.8	1	662
5963	3.1	2	664
5964	3.2	3	664
5965	1.3	1	664
5966	1.1	3	665
5967	1.5	1	665
5968	0.7	2	665
5969	1.6	1	666
5970	3.2	2	667
5971	2.9	3	667
5972	3.2	1	667
5973	0.2	2	669
5974	0.1	3	669
5975	2.6	1	669
5976	2.7	2	671
5977	3.9	3	671
5978	1.9	1	671
5979	1.8	2	672
5980	1.5	3	672
5981	1.2	1	672
5982	1.3	2	673
5983	3.8	3	673
5984	0.5	1	673
5985	3.6	1	674
5986	0.9	2	674
5987	3.8	1	676
5988	2.1	2	676
5989	2.1	3	676
5990	1.6	3	678
5991	1.5	1	678
5992	0.3	2	678
5993	2.4	3	679
5994	2.9	3	680
5995	1.1	1	681
5996	3.2	2	681
5997	2.8	1	682
5998	3.5	1	683
5999	1.9	3	684
6000	0.2	3	685
6001	2.4	2	686
6002	2.9	3	687
6003	2.5	1	687
6004	2.8	2	687
6005	2.3	2	688
6006	1.2	3	688
6007	2.8	1	688
6008	2.7	3	690
6009	2.3	1	690
6010	2.2	2	691
6011	1.1	3	691
6012	0.2	1	691
6013	2.4	1	692
6014	3.1	1	693
6015	2.1	2	693
6016	1.1	1	695
6017	3.4	2	695
6018	0.7	3	695
6019	2.4	2	696
6020	1.7	3	696
6021	1.2	1	697
6022	2.7	2	697
6023	3.8	3	697
6024	1.8	3	699
6025	1.2	2	700
6026	2.6	3	700
6027	1.3	3	701
6028	1.1	1	701
6029	1.7	2	701
6030	0.8	3	702
6031	3.7	1	702
6032	3.7	2	702
6033	0.6	2	704
6034	2.9	3	704
6035	0.9	1	704
6036	1.9	1	706
6037	2.5	3	707
6038	2.4	1	707
6039	1.4	3	708
6040	1.2	2	709
6041	0.4	3	710
6042	3.9	1	710
6043	1.8	2	710
6044	3.6	1	711
6045	0.3	2	711
6046	2.8	3	711
6047	2.1	1	714
6048	2.2	2	714
6049	3.9	3	714
6050	0.5	2	715
6051	2.6	3	715
6052	1.1	1	715
6053	3.3	3	716
6054	1.8	1	716
6055	2.1	3	717
6056	1.1	1	717
6057	1.4	1	718
6058	0.4	2	718
6059	0.5	3	718
6060	1.5	1	719
6061	1.8	2	719
6062	3.6	2	720
6063	2.4	3	721
6064	0.7	1	721
6065	0.9	2	721
6066	3.2	1	723
6067	2.4	2	723
6068	0.1	2	724
6069	3.4	1	725
6070	0.9	1	726
6071	3.8	2	726
6072	1.6	1	727
6073	1.4	1	728
6074	0.4	2	729
6075	3.7	3	729
6076	1.6	1	729
6077	2.9	3	730
6078	2.8	1	731
6079	0.1	2	732
6080	2.2	3	733
6081	2.8	1	735
6082	2.4	2	735
6083	2.3	2	736
6084	3.5	3	739
6085	3.9	1	739
6086	0.2	3	740
6087	3.4	1	740
6088	2.3	2	740
6089	2.9	3	741
6090	1.9	1	741
6091	0.1	2	741
6092	1.4	3	742
6093	1.5	1	742
6094	1.2	2	742
6095	0.5	1	743
6096	2.7	2	744
6097	0.7	3	744
6098	3.3	1	744
6099	0.6	2	745
6100	3.3	2	746
6101	3.4	2	748
6102	0.3	3	748
6103	1.7	1	748
6104	0.3	3	749
6105	0.4	1	749
6106	1.1	3	751
6107	3.5	1	751
6108	3.4	1	753
6109	3.5	3	755
6110	0.8	1	755
6111	3.3	2	755
6112	0.4	2	756
6113	2.8	3	756
6114	0.5	3	757
6115	1.5	2	758
6116	3.9	3	758
6117	2.6	2	759
6118	3.5	2	760
6119	2.3	2	761
6120	3.6	1	762
6121	3.4	2	762
6122	0.6	3	763
6123	2.9	1	763
6124	3.4	2	764
6125	0.4	2	765
6126	3.7	3	765
6127	2.7	1	765
6128	0.5	1	766
6129	3.6	2	766
6130	3.2	3	766
6131	1.7	3	768
6132	3.2	1	768
6133	0.1	2	768
6134	3.4	1	769
6135	1.5	2	769
6136	1.7	3	769
6137	1.9	2	770
6138	3.4	1	773
6139	1.9	2	773
6140	0.9	1	774
6141	1.4	1	775
6142	0.9	2	775
6143	1.9	1	776
6144	3.3	2	776
6145	3.5	1	777
6146	3.4	2	777
6147	0.6	1	779
6148	2.5	3	780
6149	0.8	3	781
6150	2.4	1	781
6151	2.7	2	781
6152	3.8	2	784
6153	1.6	3	784
6154	1.4	1	784
6155	1.2	1	786
6156	0.6	2	786
6157	2.1	2	788
6158	2.9	3	788
6159	3.8	1	788
6160	0.7	1	789
6161	2.2	1	790
6162	3.1	1	791
6163	1.4	2	791
6164	3.1	3	792
6165	0.3	1	792
6166	3.3	1	793
6167	3.2	2	793
6168	0.4	3	793
6169	3.8	1	794
6170	2.8	2	794
6171	0.7	3	794
6172	3.3	2	795
6173	3.7	3	795
6174	1.1	2	796
6175	3.7	3	796
6176	3.9	3	797
6177	1.7	3	798
6178	3.4	1	798
6179	1.9	2	798
6180	1.7	1	799
6181	2.7	2	799
6182	2.5	3	799
6183	1.6	2	800
6184	2.3	3	801
6185	1.3	1	801
6186	0.6	2	802
6187	0.5	3	803
6188	0.1	1	804
6189	1.2	2	804
6190	3.8	2	805
6191	2.4	1	806
6192	0.6	2	806
6193	3.1	3	807
6194	1.8	1	807
6195	1.7	2	808
6196	1.2	3	808
6197	1.6	1	809
6198	3.9	1	810
6199	3.3	2	810
6200	3.6	3	810
6201	3.4	1	811
6202	3.1	2	811
6203	2.8	3	811
6204	3.6	1	812
6205	3.9	2	812
6206	1.7	1	813
6207	3.1	2	813
6208	3.4	2	814
6209	1.1	2	816
6210	3.2	3	816
6211	2.6	1	818
6212	0.5	2	820
6213	1.2	3	820
6214	0.7	1	820
6215	1.4	2	821
6216	3.3	3	821
6217	3.4	1	821
6218	1.5	2	823
6219	1.4	3	823
6220	0.6	3	824
6221	0.7	1	824
6222	1.6	1	825
6223	3.2	1	826
6224	3.5	2	826
6225	2.2	3	826
6226	3.9	3	827
6227	1.1	2	828
6228	3.3	3	830
6229	1.1	2	831
6230	3.4	3	831
6231	0.7	3	832
6232	0.6	1	832
6233	0.7	2	832
6234	2.2	3	834
6235	1.3	3	835
6236	1.6	1	835
6237	1.8	2	835
6238	1.3	3	836
6239	3.2	1	836
6240	0.4	2	836
6241	0.3	1	837
6242	1.1	2	837
6243	2.6	3	837
6244	0.3	3	838
6245	2.8	1	839
6246	2.6	2	840
6247	1.1	1	841
6248	0.8	2	841
6249	0.3	1	842
6250	0.7	2	842
6251	0.2	2	843
6252	3.3	1	845
6253	1.2	2	845
6254	3.5	2	847
6255	0.2	3	847
6256	2.6	1	847
6257	1.1	3	850
6258	0.9	1	850
6259	0.6	2	850
6260	0.6	3	851
6261	3.8	1	851
6262	2.9	3	853
6263	2.4	3	855
6264	0.3	1	855
6265	1.2	1	858
6266	3.9	1	859
6267	3.8	2	859
6268	3.2	3	859
6269	2.9	3	861
6270	1.1	1	861
6271	3.7	2	861
6272	0.1	1	862
6273	2.6	2	862
6274	2.1	1	863
6275	0.5	2	863
6276	1.3	3	863
6277	1.9	3	864
6278	2.9	2	866
6279	3.3	3	866
6280	1.6	1	866
6281	3.3	1	867
6282	2.3	1	868
6283	0.8	2	868
6284	0.5	1	870
6285	3.2	1	871
6286	3.4	1	872
6287	1.2	2	872
6288	2.9	3	872
6289	2.7	3	873
6290	0.6	1	873
6291	3.6	2	873
6292	1.5	2	874
6293	0.3	1	876
6294	3.6	3	879
6295	2.1	1	879
6296	0.2	1	880
6297	2.9	2	880
6298	0.2	1	883
6299	0.7	2	883
6300	1.1	3	883
6301	2.4	3	884
6302	0.8	2	885
6303	0.3	3	885
6304	3.9	2	886
6305	3.3	2	887
6306	0.6	1	888
6307	1.4	2	888
6308	2.3	3	888
6309	1.8	2	889
6310	3.3	3	889
6311	1.3	1	889
6312	0.5	1	890
6313	0.2	2	890
6314	3.9	3	892
6315	2.3	1	892
6316	1.5	3	893
6317	2.4	1	893
6318	0.3	2	893
6319	2.3	3	894
6320	3.9	1	894
6321	1.4	2	894
6322	0.8	3	895
6323	2.2	3	896
6324	2.3	2	898
6325	1.2	3	898
6326	2.5	3	900
6327	1.2	1	900
6328	3.4	2	901
6329	3.7	1	903
6330	0.3	2	903
6331	3.7	3	904
6332	3.2	3	905
6333	0.9	1	905
6334	3.2	3	906
6335	1.3	1	906
6336	0.2	2	907
6337	2.3	3	907
6338	2.7	2	908
6339	2.3	3	908
6340	1.8	1	908
6341	1.5	2	910
6342	1.6	3	911
6343	0.8	1	912
6344	2.6	2	912
6345	0.9	3	912
6346	0.3	3	913
6347	3.1	1	913
6348	1.4	2	913
6349	0.9	1	914
6350	0.4	2	914
6351	0.5	2	915
6352	2.2	3	915
6353	3.5	3	916
6354	2.4	1	917
6355	3.6	2	917
6356	1.3	3	917
6357	2.3	3	918
6358	1.8	1	918
6359	2.9	2	920
6360	3.7	2	921
6361	0.1	3	921
6362	1.4	3	922
6363	0.7	1	923
6364	0.8	2	923
6365	3.4	1	924
6366	0.9	2	925
6367	3.2	3	925
6368	3.9	1	925
6369	1.5	2	926
6370	0.5	3	926
6371	3.1	1	926
6372	3.3	3	927
6373	3.9	1	927
6374	1.2	2	927
6375	1.1	1	929
6376	3.2	2	929
6377	1.3	2	930
6378	3.9	1	932
6379	2.1	3	933
6380	0.5	2	934
6381	2.4	3	934
6382	2.2	2	935
6383	3.8	3	935
6384	0.6	1	935
6385	2.6	3	936
6386	3.9	1	937
6387	2.1	1	938
6388	1.9	1	940
6389	1.3	2	940
6390	2.6	3	940
6391	0.3	2	941
6392	0.2	3	941
6393	3.5	3	942
6394	3.9	1	942
6395	3.9	1	943
6396	3.3	1	945
6397	1.2	2	945
6398	1.3	3	945
6399	3.7	1	946
6400	1.2	2	946
6401	3.3	2	947
6402	3.5	1	951
6403	1.5	2	951
6404	3.3	3	952
6405	3.8	1	952
6406	2.6	2	952
6407	1.6	2	953
6408	0.6	1	954
6409	2.3	2	955
6410	0.9	3	955
6411	3.1	1	955
6412	3.5	2	956
6413	1.9	1	957
6414	0.3	2	957
6415	2.6	3	957
6416	0.9	1	958
6417	2.5	1	959
6418	3.5	1	961
6419	1.2	2	961
6420	3.4	3	961
6421	0.1	3	963
6422	0.5	2	964
6423	1.2	3	964
6424	3.4	3	966
6425	0.3	1	966
6426	1.5	3	967
6427	1.7	1	967
6428	2.7	2	967
6429	1.8	3	968
6430	0.4	1	968
6431	2.2	3	969
6432	0.9	1	969
6433	3.3	2	969
6434	2.7	2	970
6435	2.4	3	970
6436	3.5	1	970
6437	0.3	1	971
6438	1.9	2	971
6439	1.3	1	973
6440	2.2	3	974
6441	3.1	1	974
6442	0.5	3	975
6443	0.1	3	976
6444	0.6	1	976
6445	1.8	1	978
6446	1.8	2	978
6447	0.7	3	978
6448	3.5	1	979
6449	3.6	2	979
6450	1.4	3	979
6451	0.3	1	981
6452	2.5	2	981
6453	0.7	3	981
6454	2.4	2	982
6455	3.8	1	983
6456	1.4	3	985
6457	2.4	1	985
6458	0.7	2	986
6459	3.4	3	986
6460	2.6	1	986
6461	0.3	2	988
6462	2.1	3	989
6463	2.4	1	992
6464	2.1	1	993
6465	0.8	2	993
6466	2.4	3	993
6467	1.8	2	995
6468	0.6	1	996
6469	1.8	2	996
6470	2.3	3	996
6471	0.1	2	997
6472	3.5	3	998
6473	3.2	1	998
6474	1.1	2	999
6475	3.3	3	999
6476	2.8	1	999
6477	2.7	2	1000
6478	0.5	3	1000
6479	2.8	1	1000
6480	2.9	2	1001
6481	1.2	1	1004
6482	0.9	2	1004
6483	3.3	1	1007
6484	0.7	2	1007
6485	0.7	2	1009
6486	3.9	3	1009
6487	3.5	1	1009
\.


--
-- Data for Name: application_status; Type: TABLE DATA; Schema: public; Owner: postgres
--

COPY public.application_status (id, decision, recruiter_id, application_id) FROM stdin;
\.


--
-- Data for Name: competence; Type: TABLE DATA; Schema: public; Owner: postgres
--

COPY public.competence (id, type, job_id) FROM stdin;
1	ticket sales	1
2	lotteries	1
3	roller coaster operation	1
\.


--
-- Data for Name: job; Type: TABLE DATA; Schema: public; Owner: postgres
--

COPY public.job (id, name) FROM stdin;
1	Amusement Park
\.


--
-- Data for Name: login_info; Type: TABLE DATA; Schema: public; Owner: postgres
--

COPY public.login_info (id, email, password, username, person_id) FROM stdin;
1	\N	LiZ98qvL8Lw	JoelleWilkinson	1
2	\N	QkK48drV2Da	MartinCummings	2
3	\N	EyD84euX5Nj	DanteMason	3
4	\N	VdE34mqY2Xy	RisaMayer	4
5	\N	NmK87boS4Lf	MaxwellBailey	5
6	\N	LqK20ygU3Lw	EmiFlowers	6
7	\N	OjP41mkY3Vb	HedleyArnold	7
8	\N	LbH38urF4Kn	ArmandTodd	8
9	\N	XoH15hnY3Bw	PhillipRamsey	9
10	\N	MvZ46kfC1Kr	AustinMueller	10
11	l_crane118@finnsinte.se	\N	\N	11
12	a-meadows7789@finnsinte.se	\N	\N	12
13	tucker-travis2407@finnsinte.se	\N	\N	13
14	fultonwilkerson@finnsinte.se	\N	\N	14
15	z-lopez@finnsinte.se	\N	\N	15
16	o.xander@finnsinte.se	\N	\N	16
17	l-house6763@finnsinte.se	\N	\N	17
18	c.barry9102@finnsinte.se	\N	\N	18
19	kirkland_ifeoma3583@finnsinte.se	\N	\N	19
20	c_washington2540@finnsinte.se	\N	\N	20
21	h_edward@finnsinte.se	\N	\N	21
22	t.dean2756@finnsinte.se	\N	\N	22
23	teagandillard3572@finnsinte.se	\N	\N	23
24	k_cox@finnsinte.se	\N	\N	24
25	vcash5503@finnsinte.se	\N	\N	25
26	r-hasad9172@finnsinte.se	\N	\N	26
27	deanedward@finnsinte.se	\N	\N	27
28	jin_soto7144@finnsinte.se	\N	\N	28
29	g.colorado@finnsinte.se	\N	\N	29
30	n_horn@finnsinte.se	\N	\N	30
31	whedy9508@finnsinte.se	\N	\N	31
32	rosales-uta7680@finnsinte.se	\N	\N	32
33	bauer_wynter3952@finnsinte.se	\N	\N	33
34	z_taylor4907@finnsinte.se	\N	\N	34
35	ckelly@finnsinte.se	\N	\N	35
36	g.bird@finnsinte.se	\N	\N	36
37	ipuckett3636@finnsinte.se	\N	\N	37
38	chantale_yates6675@finnsinte.se	\N	\N	38
39	cora-hooper6546@finnsinte.se	\N	\N	39
40	workman_belle1993@finnsinte.se	\N	\N	40
41	mason.zachary@finnsinte.se	\N	\N	41
42	boyer.kaitlin@finnsinte.se	\N	\N	42
43	p.estes@finnsinte.se	\N	\N	43
44	apeterson@finnsinte.se	\N	\N	44
45	brutledge@finnsinte.se	\N	\N	45
46	s_paul@finnsinte.se	\N	\N	46
47	isaac_espinoza6687@finnsinte.se	\N	\N	47
48	g.nathaniel8532@finnsinte.se	\N	\N	48
49	a-phelan@finnsinte.se	\N	\N	49
50	mayo-jayme@finnsinte.se	\N	\N	50
51	j-lancaster777@finnsinte.se	\N	\N	51
52	i.gallegos4326@finnsinte.se	\N	\N	52
53	wolf_arsenio@finnsinte.se	\N	\N	53
54	willow.burt5992@finnsinte.se	\N	\N	54
55	a.kim2350@finnsinte.se	\N	\N	55
56	watkins.addison@finnsinte.se	\N	\N	56
57	fuller_parker7139@finnsinte.se	\N	\N	57
58	carlos.conley1508@finnsinte.se	\N	\N	58
59	p-petersen@finnsinte.se	\N	\N	59
60	msimmons9269@finnsinte.se	\N	\N	60
61	joyner.malcolm5157@finnsinte.se	\N	\N	61
62	c_hines3755@finnsinte.se	\N	\N	62
63	u.jordan3996@finnsinte.se	\N	\N	63
64	ortizallegra7177@finnsinte.se	\N	\N	64
65	f-montoya6652@finnsinte.se	\N	\N	65
66	danielle-brooks7385@finnsinte.se	\N	\N	66
67	wilkerson-shannon380@finnsinte.se	\N	\N	67
68	j-ezekiel5651@finnsinte.se	\N	\N	68
69	m-kelsey1545@finnsinte.se	\N	\N	69
70	g_perry@finnsinte.se	\N	\N	70
71	mcpherson_desiree8389@finnsinte.se	\N	\N	71
72	miller_abraham7614@finnsinte.se	\N	\N	72
73	j_underwood6796@finnsinte.se	\N	\N	73
74	heath_bruce@finnsinte.se	\N	\N	74
75	s-chang@finnsinte.se	\N	\N	75
76	gibsonkaseem@finnsinte.se	\N	\N	76
77	v_charles@finnsinte.se	\N	\N	77
78	a_ellis@finnsinte.se	\N	\N	78
79	alea-jordan@finnsinte.se	\N	\N	79
80	r_xandra@finnsinte.se	\N	\N	80
81	tashyasavage@finnsinte.se	\N	\N	81
82	hall_stacey1992@finnsinte.se	\N	\N	82
83	barkerprescott8785@finnsinte.se	\N	\N	83
84	ajoyce4726@finnsinte.se	\N	\N	84
85	hardineugenia1189@finnsinte.se	\N	\N	85
86	stout_chandler@finnsinte.se	\N	\N	86
87	h-imelda@finnsinte.se	\N	\N	87
88	s_hendrix@finnsinte.se	\N	\N	88
89	gcairo8535@finnsinte.se	\N	\N	89
90	m.little@finnsinte.se	\N	\N	90
91	cummings-galvin440@finnsinte.se	\N	\N	91
92	stafford_conan8208@finnsinte.se	\N	\N	92
93	kerreric@finnsinte.se	\N	\N	93
94	galloway_michael9458@finnsinte.se	\N	\N	94
95	i-grimes8764@finnsinte.se	\N	\N	95
96	rhodes-allen@finnsinte.se	\N	\N	96
97	w_burris8847@finnsinte.se	\N	\N	97
98	damian-singleton1001@finnsinte.se	\N	\N	98
99	bond.aurelia7199@finnsinte.se	\N	\N	99
100	lynn.emery9158@finnsinte.se	\N	\N	100
101	p-cote8901@finnsinte.se	\N	\N	101
102	orson_acevedo3440@finnsinte.se	\N	\N	102
103	best-zia@finnsinte.se	\N	\N	103
104	p.wylie6607@finnsinte.se	\N	\N	104
105	n-barrett@finnsinte.se	\N	\N	105
106	d-schmidt@finnsinte.se	\N	\N	106
107	arden.love6246@finnsinte.se	\N	\N	107
108	howell-samantha@finnsinte.se	\N	\N	108
109	rose.inga@finnsinte.se	\N	\N	109
110	d_octavia3269@finnsinte.se	\N	\N	110
111	tillman.ignatius@finnsinte.se	\N	\N	111
112	barron_kristen@finnsinte.se	\N	\N	112
113	c.rosario@finnsinte.se	\N	\N	113
114	joliefulton8265@finnsinte.se	\N	\N	114
115	fry.akeem3210@finnsinte.se	\N	\N	115
116	g_ingram@finnsinte.se	\N	\N	116
117	l.justin3097@finnsinte.se	\N	\N	117
118	c.joshua6956@finnsinte.se	\N	\N	118
119	g_dominic@finnsinte.se	\N	\N	119
120	mcpherson.jena@finnsinte.se	\N	\N	120
121	may-carlos3434@finnsinte.se	\N	\N	121
122	duffyadria@finnsinte.se	\N	\N	122
123	b_brenda8229@finnsinte.se	\N	\N	123
124	n-barnes@finnsinte.se	\N	\N	124
125	d_conway@finnsinte.se	\N	\N	125
126	t-sargent@finnsinte.se	\N	\N	126
127	crane_kylan@finnsinte.se	\N	\N	127
128	a_graham@finnsinte.se	\N	\N	128
129	s-lynn@finnsinte.se	\N	\N	129
130	robertsrussell@finnsinte.se	\N	\N	130
131	i_morris8645@finnsinte.se	\N	\N	131
132	cooke.isaiah3537@finnsinte.se	\N	\N	132
133	stacy.hammond9898@finnsinte.se	\N	\N	133
134	ktrujillo3280@finnsinte.se	\N	\N	134
135	tate.macdonald@finnsinte.se	\N	\N	135
136	l_pittman@finnsinte.se	\N	\N	136
137	norman-cody8727@finnsinte.se	\N	\N	137
138	perez-akeem@finnsinte.se	\N	\N	138
139	h.valentine@finnsinte.se	\N	\N	139
140	znoel@finnsinte.se	\N	\N	140
141	a-ellison@finnsinte.se	\N	\N	141
142	morganpace8898@finnsinte.se	\N	\N	142
143	b_walsh@finnsinte.se	\N	\N	143
144	allen_larissa2410@finnsinte.se	\N	\N	144
145	cantuherman@finnsinte.se	\N	\N	145
146	beaugardner@finnsinte.se	\N	\N	146
147	collier-ira@finnsinte.se	\N	\N	147
148	amena-booth5205@finnsinte.se	\N	\N	148
149	d.forbes@finnsinte.se	\N	\N	149
150	ward_vance1521@finnsinte.se	\N	\N	150
151	k.lloyd8417@finnsinte.se	\N	\N	151
152	f-harrell4659@finnsinte.se	\N	\N	152
153	q_kessie4967@finnsinte.se	\N	\N	153
154	fkimberly@finnsinte.se	\N	\N	154
155	shieldsmufutau3319@finnsinte.se	\N	\N	155
156	rhonda.espinoza1643@finnsinte.se	\N	\N	156
157	maysriley8127@finnsinte.se	\N	\N	157
158	finley-jack570@finnsinte.se	\N	\N	158
159	p-morales@finnsinte.se	\N	\N	159
160	l-bowman5800@finnsinte.se	\N	\N	160
161	s_olsen@finnsinte.se	\N	\N	161
162	s_joan3075@finnsinte.se	\N	\N	162
163	skyler-avery5089@finnsinte.se	\N	\N	163
164	a-daniels1532@finnsinte.se	\N	\N	164
165	morin_elmo1872@finnsinte.se	\N	\N	165
166	chammett@finnsinte.se	\N	\N	166
167	hughes_zachery4705@finnsinte.se	\N	\N	167
168	benton-alden@finnsinte.se	\N	\N	168
169	k.ramos2801@finnsinte.se	\N	\N	169
170	hornescott4074@finnsinte.se	\N	\N	170
171	m-walton@finnsinte.se	\N	\N	171
172	g-compton@finnsinte.se	\N	\N	172
173	t-mejia@finnsinte.se	\N	\N	173
174	ross-veronica6052@finnsinte.se	\N	\N	174
175	h.shad5320@finnsinte.se	\N	\N	175
176	a_jones@finnsinte.se	\N	\N	176
177	v_wallace@finnsinte.se	\N	\N	177
178	a.hood@finnsinte.se	\N	\N	178
179	butler.jack@finnsinte.se	\N	\N	179
180	alangaines@finnsinte.se	\N	\N	180
181	p_lloyd@finnsinte.se	\N	\N	181
182	awinters9426@finnsinte.se	\N	\N	182
183	o-browning@finnsinte.se	\N	\N	183
184	walkerbo9997@finnsinte.se	\N	\N	184
185	a.yang642@finnsinte.se	\N	\N	185
186	aretha-shepherd@finnsinte.se	\N	\N	186
187	griffin.young@finnsinte.se	\N	\N	187
188	lstokes@finnsinte.se	\N	\N	188
189	h.arnold@finnsinte.se	\N	\N	189
190	m.nero1425@finnsinte.se	\N	\N	190
191	farley_malcolm@finnsinte.se	\N	\N	191
192	wardrogan@finnsinte.se	\N	\N	192
193	vang_dylan9093@finnsinte.se	\N	\N	193
194	p_shannon7696@finnsinte.se	\N	\N	194
195	m_meyers8561@finnsinte.se	\N	\N	195
196	banks_cedric@finnsinte.se	\N	\N	196
197	waltersezra@finnsinte.se	\N	\N	197
198	l.gaines@finnsinte.se	\N	\N	198
199	omar.pace@finnsinte.se	\N	\N	199
200	m_wall@finnsinte.se	\N	\N	200
201	kstein9577@finnsinte.se	\N	\N	201
202	althea-mcbride2670@finnsinte.se	\N	\N	202
203	douglas_rose6312@finnsinte.se	\N	\N	203
204	meadows-graiden4198@finnsinte.se	\N	\N	204
205	bradford.abraham@finnsinte.se	\N	\N	205
206	okaren@finnsinte.se	\N	\N	206
207	kirk_honorato3815@finnsinte.se	\N	\N	207
208	baldwin_fitzgerald@finnsinte.se	\N	\N	208
209	h_meadows1507@finnsinte.se	\N	\N	209
210	hedyrich@finnsinte.se	\N	\N	210
211	monroe.ivy@finnsinte.se	\N	\N	211
212	elmo-perry4535@finnsinte.se	\N	\N	212
213	r-trevino@finnsinte.se	\N	\N	213
214	ehorn7017@finnsinte.se	\N	\N	214
215	handrews@finnsinte.se	\N	\N	215
216	k.thomas8888@finnsinte.se	\N	\N	216
217	samsonle@finnsinte.se	\N	\N	217
218	orla-noble@finnsinte.se	\N	\N	218
219	lyons_wynne8715@finnsinte.se	\N	\N	219
220	f.adams2853@finnsinte.se	\N	\N	220
221	neal-alika@finnsinte.se	\N	\N	221
222	patricksmith@finnsinte.se	\N	\N	222
223	morin-helen@finnsinte.se	\N	\N	223
224	kgonzalez2376@finnsinte.se	\N	\N	224
225	tanner-huff5604@finnsinte.se	\N	\N	225
226	nixon_hanae@finnsinte.se	\N	\N	226
227	phillips.hyacinth@finnsinte.se	\N	\N	227
228	s.gabriel298@finnsinte.se	\N	\N	228
229	lewis.constance@finnsinte.se	\N	\N	229
230	zephania_palmer3160@finnsinte.se	\N	\N	230
231	buckminster.lewis@finnsinte.se	\N	\N	231
232	j_buckner@finnsinte.se	\N	\N	232
233	dgoff9968@finnsinte.se	\N	\N	233
234	c.richmond3853@finnsinte.se	\N	\N	234
235	burksbrenden@finnsinte.se	\N	\N	235
236	a-frederick74@finnsinte.se	\N	\N	236
237	m.seth@finnsinte.se	\N	\N	237
238	g-hoffman491@finnsinte.se	\N	\N	238
239	d.lamb2907@finnsinte.se	\N	\N	239
240	maxinelarson@finnsinte.se	\N	\N	240
241	keith_geraldine8217@finnsinte.se	\N	\N	241
242	willis-heather1186@finnsinte.se	\N	\N	242
243	ford.lavinia@finnsinte.se	\N	\N	243
244	a-doris@finnsinte.se	\N	\N	244
245	jmcdonald3245@finnsinte.se	\N	\N	245
246	constance_perez@finnsinte.se	\N	\N	246
247	ablair@finnsinte.se	\N	\N	247
248	gregory_deleon4253@finnsinte.se	\N	\N	248
249	spencer-libby@finnsinte.se	\N	\N	249
250	velasquez.martha@finnsinte.se	\N	\N	250
251	zimmerman_maggie@finnsinte.se	\N	\N	251
252	f-davis9917@finnsinte.se	\N	\N	252
253	barlow_allen4218@finnsinte.se	\N	\N	253
254	rivascynthia@finnsinte.se	\N	\N	254
255	brush5501@finnsinte.se	\N	\N	255
256	i_davenport@finnsinte.se	\N	\N	256
257	branchchaim7137@finnsinte.se	\N	\N	257
258	h_carroll3051@finnsinte.se	\N	\N	258
259	tian@finnsinte.se	\N	\N	259
260	c.driscoll@finnsinte.se	\N	\N	260
261	baxter.fiona@finnsinte.se	\N	\N	261
262	b.curran@finnsinte.se	\N	\N	262
263	gardnerbrenden2194@finnsinte.se	\N	\N	263
264	battle.mariko3683@finnsinte.se	\N	\N	264
265	q-carney@finnsinte.se	\N	\N	265
266	m_long4657@finnsinte.se	\N	\N	266
267	kasper_noble1854@finnsinte.se	\N	\N	267
268	callahangraiden@finnsinte.se	\N	\N	268
269	basilhuffman@finnsinte.se	\N	\N	269
270	dickson_brennan@finnsinte.se	\N	\N	270
271	lstacy7905@finnsinte.se	\N	\N	271
272	mueller-isabelle6976@finnsinte.se	\N	\N	272
273	z_gage1698@finnsinte.se	\N	\N	273
274	hoffman.berk4756@finnsinte.se	\N	\N	274
275	upton_horton6911@finnsinte.se	\N	\N	275
276	ramos.silas187@finnsinte.se	\N	\N	276
277	suki_farmer@finnsinte.se	\N	\N	277
278	richards_halee393@finnsinte.se	\N	\N	278
279	g.mayer@finnsinte.se	\N	\N	279
280	s.gilbert@finnsinte.se	\N	\N	280
281	kirby-debra6561@finnsinte.se	\N	\N	281
282	l.neal@finnsinte.se	\N	\N	282
283	j_snider@finnsinte.se	\N	\N	283
284	ethan.saunders2605@finnsinte.se	\N	\N	284
285	rallen@finnsinte.se	\N	\N	285
286	dmarks1873@finnsinte.se	\N	\N	286
287	salas.malcolm4427@finnsinte.se	\N	\N	287
288	bskyler@finnsinte.se	\N	\N	288
289	r_phillips6404@finnsinte.se	\N	\N	289
290	a_grant5081@finnsinte.se	\N	\N	290
291	c-aaron@finnsinte.se	\N	\N	291
292	w_ariana3169@finnsinte.se	\N	\N	292
293	allen.zeph5574@finnsinte.se	\N	\N	293
294	gignacia@finnsinte.se	\N	\N	294
295	osborne_kim@finnsinte.se	\N	\N	295
296	shawnaomi@finnsinte.se	\N	\N	296
297	i_justice6821@finnsinte.se	\N	\N	297
298	fcarrillo@finnsinte.se	\N	\N	298
299	c_hillary4948@finnsinte.se	\N	\N	299
300	aimee.hendrix@finnsinte.se	\N	\N	300
301	a_everett@finnsinte.se	\N	\N	301
302	finch.rebekah@finnsinte.se	\N	\N	302
303	nolancody5051@finnsinte.se	\N	\N	303
304	hale_raphael2210@finnsinte.se	\N	\N	304
305	reed-bo7421@finnsinte.se	\N	\N	305
306	maciasivor@finnsinte.se	\N	\N	306
307	buchanan_joan@finnsinte.se	\N	\N	307
308	holt.oren@finnsinte.se	\N	\N	308
309	gabriel.gomez607@finnsinte.se	\N	\N	309
310	quinn-ira@finnsinte.se	\N	\N	310
311	s-fulton4350@finnsinte.se	\N	\N	311
312	o-robles@finnsinte.se	\N	\N	312
313	c_newton4372@finnsinte.se	\N	\N	313
314	p-salinas@finnsinte.se	\N	\N	314
315	sandoval-raphael2096@finnsinte.se	\N	\N	315
316	donnaporter3031@finnsinte.se	\N	\N	316
317	m-steel6345@finnsinte.se	\N	\N	317
318	f-chandler1924@finnsinte.se	\N	\N	318
319	f.noble@finnsinte.se	\N	\N	319
320	m_mcleod@finnsinte.se	\N	\N	320
321	stevensblaze3092@finnsinte.se	\N	\N	321
322	f.walton@finnsinte.se	\N	\N	322
323	tucker.tatum5927@finnsinte.se	\N	\N	323
324	stewartdenton@finnsinte.se	\N	\N	324
325	serrano.ashton2363@finnsinte.se	\N	\N	325
326	m_gordon1095@finnsinte.se	\N	\N	326
327	perry-rice@finnsinte.se	\N	\N	327
328	b-hammond7270@finnsinte.se	\N	\N	328
329	wilson-september1071@finnsinte.se	\N	\N	329
330	oalford@finnsinte.se	\N	\N	330
331	astramoon@finnsinte.se	\N	\N	331
332	woodward_nerea@finnsinte.se	\N	\N	332
333	richards-arthur@finnsinte.se	\N	\N	333
334	houston.leigh9073@finnsinte.se	\N	\N	334
335	riggs_cruz5779@finnsinte.se	\N	\N	335
336	watkins.katelyn5895@finnsinte.se	\N	\N	336
337	f-yuli@finnsinte.se	\N	\N	337
338	rinah.gilbert5677@finnsinte.se	\N	\N	338
339	p_mccray5693@finnsinte.se	\N	\N	339
340	odysseus-preston@finnsinte.se	\N	\N	340
341	f_larissa@finnsinte.se	\N	\N	341
342	roth-yvette@finnsinte.se	\N	\N	342
343	k_horton@finnsinte.se	\N	\N	343
344	j-parsons3650@finnsinte.se	\N	\N	344
345	battle-trevor7553@finnsinte.se	\N	\N	345
346	karina_melton@finnsinte.se	\N	\N	346
347	craighendricks9891@finnsinte.se	\N	\N	347
348	w.shelby4041@finnsinte.se	\N	\N	348
349	v-charity7473@finnsinte.se	\N	\N	349
350	p_dominic6543@finnsinte.se	\N	\N	350
351	camdenjenkins2315@finnsinte.se	\N	\N	351
352	hawkins.stella5697@finnsinte.se	\N	\N	352
353	k-oneil5599@finnsinte.se	\N	\N	353
354	wyattdavis9701@finnsinte.se	\N	\N	354
355	svance4322@finnsinte.se	\N	\N	355
356	potts-nichole7568@finnsinte.se	\N	\N	356
357	howardmerrill6223@finnsinte.se	\N	\N	357
358	m-browning6431@finnsinte.se	\N	\N	358
359	v.carson@finnsinte.se	\N	\N	359
360	floydurielle@finnsinte.se	\N	\N	360
361	k.byron@finnsinte.se	\N	\N	361
362	florence_beasley@finnsinte.se	\N	\N	362
363	shannon.phillip7139@finnsinte.se	\N	\N	363
364	hjennifer@finnsinte.se	\N	\N	364
365	harrell.colette@finnsinte.se	\N	\N	365
366	english-graiden@finnsinte.se	\N	\N	366
367	v-dunlap3408@finnsinte.se	\N	\N	367
368	jaymemorin6244@finnsinte.se	\N	\N	368
369	sextonoctavius9044@finnsinte.se	\N	\N	369
370	lydiamckenzie@finnsinte.se	\N	\N	370
371	q.merritt@finnsinte.se	\N	\N	371
372	f.vera@finnsinte.se	\N	\N	372
373	burt_genevieve7397@finnsinte.se	\N	\N	373
374	cfrench2561@finnsinte.se	\N	\N	374
375	cholloway@finnsinte.se	\N	\N	375
376	fischer.lionel3504@finnsinte.se	\N	\N	376
377	c_riddle2841@finnsinte.se	\N	\N	377
378	rowan_larsen@finnsinte.se	\N	\N	378
379	hines_jonas@finnsinte.se	\N	\N	379
380	berk_hensley6922@finnsinte.se	\N	\N	380
381	oprah.vang41@finnsinte.se	\N	\N	381
382	m-ayanna@finnsinte.se	\N	\N	382
383	kane-ellis@finnsinte.se	\N	\N	383
384	duran-xantha@finnsinte.se	\N	\N	384
385	w.jared8803@finnsinte.se	\N	\N	385
386	french_nicole@finnsinte.se	\N	\N	386
387	r.collier@finnsinte.se	\N	\N	387
388	woodsjolene5279@finnsinte.se	\N	\N	388
389	b_sandoval@finnsinte.se	\N	\N	389
390	r-beck8643@finnsinte.se	\N	\N	390
391	robinson-seth8478@finnsinte.se	\N	\N	391
392	patton-reagan@finnsinte.se	\N	\N	392
393	h.oren6223@finnsinte.se	\N	\N	393
394	avila.eric489@finnsinte.se	\N	\N	394
395	murphy-mcfadden2924@finnsinte.se	\N	\N	395
396	b-moody3524@finnsinte.se	\N	\N	396
397	l_jamalia3860@finnsinte.se	\N	\N	397
398	d-slater3149@finnsinte.se	\N	\N	398
399	reed.delaney@finnsinte.se	\N	\N	399
400	kenneth.hyde2117@finnsinte.se	\N	\N	400
401	c.jesse@finnsinte.se	\N	\N	401
402	halla_hill6136@finnsinte.se	\N	\N	402
403	le_whoopi@finnsinte.se	\N	\N	403
404	b-terry@finnsinte.se	\N	\N	404
405	v-huff3497@finnsinte.se	\N	\N	405
406	herring.hoyt@finnsinte.se	\N	\N	406
407	r-blake@finnsinte.se	\N	\N	407
408	shelly-durham6056@finnsinte.se	\N	\N	408
409	cohenbuckminster7084@finnsinte.se	\N	\N	409
410	cameronnasim7277@finnsinte.se	\N	\N	410
411	foremanzachary2434@finnsinte.se	\N	\N	411
412	underwood_winifred@finnsinte.se	\N	\N	412
413	diaz-melinda@finnsinte.se	\N	\N	413
414	sashabest6214@finnsinte.se	\N	\N	414
415	c-louis@finnsinte.se	\N	\N	415
416	d_adams@finnsinte.se	\N	\N	416
417	talleystacy@finnsinte.se	\N	\N	417
418	isaiah.ayers7248@finnsinte.se	\N	\N	418
419	c.lyons7930@finnsinte.se	\N	\N	419
420	carey.lucas@finnsinte.se	\N	\N	420
421	wautumn9240@finnsinte.se	\N	\N	421
422	allencathleen@finnsinte.se	\N	\N	422
423	warren.mosley8508@finnsinte.se	\N	\N	423
424	miles_alexis@finnsinte.se	\N	\N	424
425	rstafford2674@finnsinte.se	\N	\N	425
426	hunter-kiona152@finnsinte.se	\N	\N	426
427	kline-rama7370@finnsinte.se	\N	\N	427
428	marsden_simpson@finnsinte.se	\N	\N	428
429	j-hayes@finnsinte.se	\N	\N	429
430	curtis-amela3667@finnsinte.se	\N	\N	430
431	d.deleon5722@finnsinte.se	\N	\N	431
432	wandalindsey@finnsinte.se	\N	\N	432
433	cotemia@finnsinte.se	\N	\N	433
434	h_morin1831@finnsinte.se	\N	\N	434
435	patton_shay@finnsinte.se	\N	\N	435
436	morseyasir1075@finnsinte.se	\N	\N	436
437	comptonbruno@finnsinte.se	\N	\N	437
438	shelley-walter3987@finnsinte.se	\N	\N	438
439	ward_kareem@finnsinte.se	\N	\N	439
440	duncandanielle@finnsinte.se	\N	\N	440
441	r-blackwell8407@finnsinte.se	\N	\N	441
442	j-ware@finnsinte.se	\N	\N	442
443	bates-cody7309@finnsinte.se	\N	\N	443
444	gmcintosh8689@finnsinte.se	\N	\N	444
445	perry-hyacinth431@finnsinte.se	\N	\N	445
446	m.lambert1958@finnsinte.se	\N	\N	446
447	cruzflynn2129@finnsinte.se	\N	\N	447
448	benderjelani@finnsinte.se	\N	\N	448
449	daria.baxter@finnsinte.se	\N	\N	449
450	mstafford@finnsinte.se	\N	\N	450
451	t.kerr@finnsinte.se	\N	\N	451
452	jamena@finnsinte.se	\N	\N	452
453	h-greene@finnsinte.se	\N	\N	453
454	e.sanchez@finnsinte.se	\N	\N	454
455	s.hilel2842@finnsinte.se	\N	\N	455
456	t_kidd7563@finnsinte.se	\N	\N	456
457	cjoyce9556@finnsinte.se	\N	\N	457
458	a.bonner5107@finnsinte.se	\N	\N	458
459	nicholsonrebekah9124@finnsinte.se	\N	\N	459
460	hutchinson.nyssa@finnsinte.se	\N	\N	460
461	sharpe.hilel788@finnsinte.se	\N	\N	461
462	matthewscara3914@finnsinte.se	\N	\N	462
463	henson-uriah@finnsinte.se	\N	\N	463
464	duran-donovan3711@finnsinte.se	\N	\N	464
465	o-shaffer@finnsinte.se	\N	\N	465
466	m.nolan163@finnsinte.se	\N	\N	466
467	brady-mack9100@finnsinte.se	\N	\N	467
468	casher4006@finnsinte.se	\N	\N	468
469	becker_remedios5044@finnsinte.se	\N	\N	469
470	m_little@finnsinte.se	\N	\N	470
471	harrington-oliver4831@finnsinte.se	\N	\N	471
472	silvaalexandra@finnsinte.se	\N	\N	472
473	howe-aaron1059@finnsinte.se	\N	\N	473
474	ware.carla3735@finnsinte.se	\N	\N	474
475	d-cook@finnsinte.se	\N	\N	475
476	h.colleen3468@finnsinte.se	\N	\N	476
477	fscott@finnsinte.se	\N	\N	477
478	a.sanders@finnsinte.se	\N	\N	478
479	maynard-joelle@finnsinte.se	\N	\N	479
480	camilla-sykes@finnsinte.se	\N	\N	480
481	sonyasawyer@finnsinte.se	\N	\N	481
482	o-kelley3772@finnsinte.se	\N	\N	482
483	a_yang5523@finnsinte.se	\N	\N	483
484	wolf_zeph@finnsinte.se	\N	\N	484
485	mcleod_chaney1918@finnsinte.se	\N	\N	485
486	holmes_len4140@finnsinte.se	\N	\N	486
487	bernard.clare@finnsinte.se	\N	\N	487
488	m-cruz7753@finnsinte.se	\N	\N	488
489	s-bowers@finnsinte.se	\N	\N	489
490	flores.rigel@finnsinte.se	\N	\N	490
491	wesley.wagner@finnsinte.se	\N	\N	491
492	v.sawyer7683@finnsinte.se	\N	\N	492
493	durham_simon9784@finnsinte.se	\N	\N	493
494	fitzgerald-cochran@finnsinte.se	\N	\N	494
495	roberson.noelani@finnsinte.se	\N	\N	495
496	k-dixon@finnsinte.se	\N	\N	496
497	c_mccarty@finnsinte.se	\N	\N	497
498	ythornton4944@finnsinte.se	\N	\N	498
499	rojas.scott@finnsinte.se	\N	\N	499
500	h.gomez@finnsinte.se	\N	\N	500
501	f_shepherd6161@finnsinte.se	\N	\N	501
502	sotodennis@finnsinte.se	\N	\N	502
503	pmercer@finnsinte.se	\N	\N	503
504	p_rowland5170@finnsinte.se	\N	\N	504
505	sullivan_bo@finnsinte.se	\N	\N	505
506	doyle-alma6636@finnsinte.se	\N	\N	506
507	arden-alvarez2115@finnsinte.se	\N	\N	507
508	htatyana3755@finnsinte.se	\N	\N	508
509	cjoyce7711@finnsinte.se	\N	\N	509
510	roberson_daria5908@finnsinte.se	\N	\N	510
511	d.jacobs@finnsinte.se	\N	\N	511
512	j.garcia2331@finnsinte.se	\N	\N	512
513	n_candace@finnsinte.se	\N	\N	513
514	beasleysilas9418@finnsinte.se	\N	\N	514
515	v-tyler8324@finnsinte.se	\N	\N	515
516	reynolds-yeo5134@finnsinte.se	\N	\N	516
517	fforbes@finnsinte.se	\N	\N	517
518	xantha_norris4941@finnsinte.se	\N	\N	518
519	h.dante@finnsinte.se	\N	\N	519
520	x_white5070@finnsinte.se	\N	\N	520
521	bcharlotte@finnsinte.se	\N	\N	521
522	barrera_xaviera6942@finnsinte.se	\N	\N	522
523	smith.porter@finnsinte.se	\N	\N	523
524	g_bradford8236@finnsinte.se	\N	\N	524
525	william.pratt@finnsinte.se	\N	\N	525
526	jaredvillarreal@finnsinte.se	\N	\N	526
527	ssophia@finnsinte.se	\N	\N	527
528	clare-norris1106@finnsinte.se	\N	\N	528
529	a.sears2066@finnsinte.se	\N	\N	529
530	r-carter350@finnsinte.se	\N	\N	530
531	sharpe-athena8037@finnsinte.se	\N	\N	531
532	v.miles6919@finnsinte.se	\N	\N	532
533	s-bianca733@finnsinte.se	\N	\N	533
534	c-koch@finnsinte.se	\N	\N	534
535	h_laurel6895@finnsinte.se	\N	\N	535
536	sargentaidan2493@finnsinte.se	\N	\N	536
537	r.munoz7602@finnsinte.se	\N	\N	537
538	freeman_leroy@finnsinte.se	\N	\N	538
539	tran_fatima4109@finnsinte.se	\N	\N	539
540	buchanan_elizabeth5203@finnsinte.se	\N	\N	540
541	melinda_terrell2738@finnsinte.se	\N	\N	541
542	f_nehru@finnsinte.se	\N	\N	542
543	r_quynn@finnsinte.se	\N	\N	543
544	sears_gwendolyn@finnsinte.se	\N	\N	544
545	l.armstrong@finnsinte.se	\N	\N	545
546	d_stuart8023@finnsinte.se	\N	\N	546
547	m.isaiah@finnsinte.se	\N	\N	547
548	bmichelle@finnsinte.se	\N	\N	548
549	acosta-iliana@finnsinte.se	\N	\N	549
550	adkinsquynn5169@finnsinte.se	\N	\N	550
551	chenpatrick@finnsinte.se	\N	\N	551
552	henryevans606@finnsinte.se	\N	\N	552
553	u-harvey@finnsinte.se	\N	\N	553
554	daquan_montoya4839@finnsinte.se	\N	\N	554
555	baldwin.guy1808@finnsinte.se	\N	\N	555
556	c_poole@finnsinte.se	\N	\N	556
557	s_wood3831@finnsinte.se	\N	\N	557
558	hamiltonalvarado9524@finnsinte.se	\N	\N	558
559	hsummers5159@finnsinte.se	\N	\N	559
560	waters_lawrence221@finnsinte.se	\N	\N	560
561	troberts@finnsinte.se	\N	\N	561
562	b_reed5957@finnsinte.se	\N	\N	562
563	b.villarreal@finnsinte.se	\N	\N	563
564	k_floyd4182@finnsinte.se	\N	\N	564
565	c.sawyer4232@finnsinte.se	\N	\N	565
566	perry.cathleen@finnsinte.se	\N	\N	566
567	figueroajason@finnsinte.se	\N	\N	567
568	d.olson3621@finnsinte.se	\N	\N	568
569	moody.lael@finnsinte.se	\N	\N	569
570	hampton.abbot6828@finnsinte.se	\N	\N	570
571	cantrellrooney@finnsinte.se	\N	\N	571
572	burke.amos8356@finnsinte.se	\N	\N	572
573	k.salvador@finnsinte.se	\N	\N	573
574	fernandezpearl@finnsinte.se	\N	\N	574
575	kjudith5100@finnsinte.se	\N	\N	575
576	g.monroe@finnsinte.se	\N	\N	576
577	tdejesus@finnsinte.se	\N	\N	577
578	ahaley1518@finnsinte.se	\N	\N	578
579	d.boyle5796@finnsinte.se	\N	\N	579
580	p.morse@finnsinte.se	\N	\N	580
581	c_bright@finnsinte.se	\N	\N	581
582	haleyeleanor6732@finnsinte.se	\N	\N	582
583	pittman.rhonda3181@finnsinte.se	\N	\N	583
584	h.stark8219@finnsinte.se	\N	\N	584
585	g_roberson4732@finnsinte.se	\N	\N	585
586	r-giselle1387@finnsinte.se	\N	\N	586
587	b_clayton@finnsinte.se	\N	\N	587
588	kirk_frank@finnsinte.se	\N	\N	588
589	k.price75@finnsinte.se	\N	\N	589
590	h.langley@finnsinte.se	\N	\N	590
591	dai-gonzales@finnsinte.se	\N	\N	591
592	myra_forbes688@finnsinte.se	\N	\N	592
593	j-lani@finnsinte.se	\N	\N	593
594	paugust4671@finnsinte.se	\N	\N	594
595	christenwilder@finnsinte.se	\N	\N	595
596	z.hess@finnsinte.se	\N	\N	596
597	wyatt_elliott2385@finnsinte.se	\N	\N	597
598	montgomery_mercedes@finnsinte.se	\N	\N	598
599	r_caesar@finnsinte.se	\N	\N	599
600	georgia_callahan177@finnsinte.se	\N	\N	600
601	b_rajah@finnsinte.se	\N	\N	601
602	chang.lester1615@finnsinte.se	\N	\N	602
603	cperkins@finnsinte.se	\N	\N	603
604	washington.nita@finnsinte.se	\N	\N	604
605	k-miller9877@finnsinte.se	\N	\N	605
606	w-trevor7449@finnsinte.se	\N	\N	606
607	chantaleduncan8446@finnsinte.se	\N	\N	607
608	mjarvis@finnsinte.se	\N	\N	608
609	frank.todd@finnsinte.se	\N	\N	609
610	g.palmer2402@finnsinte.se	\N	\N	610
611	cdonovan6901@finnsinte.se	\N	\N	611
612	a-sears9122@finnsinte.se	\N	\N	612
613	peck.naomi@finnsinte.se	\N	\N	613
614	e_gutierrez8997@finnsinte.se	\N	\N	614
615	o_roth3852@finnsinte.se	\N	\N	615
616	l.lee@finnsinte.se	\N	\N	616
617	u_nash240@finnsinte.se	\N	\N	617
618	jwilder@finnsinte.se	\N	\N	618
619	forbes.marah4289@finnsinte.se	\N	\N	619
620	treed@finnsinte.se	\N	\N	620
621	rgalena5609@finnsinte.se	\N	\N	621
622	biancanorton2138@finnsinte.se	\N	\N	622
623	s.pennington6684@finnsinte.se	\N	\N	623
624	inapayne6372@finnsinte.se	\N	\N	624
625	g-ashley@finnsinte.se	\N	\N	625
626	t-dixon@finnsinte.se	\N	\N	626
627	b-day3882@finnsinte.se	\N	\N	627
628	stein-joan@finnsinte.se	\N	\N	628
629	hammond_stone8580@finnsinte.se	\N	\N	629
630	s.ethan@finnsinte.se	\N	\N	630
631	keller_barclay7552@finnsinte.se	\N	\N	631
632	gellis@finnsinte.se	\N	\N	632
633	meyers_raja@finnsinte.se	\N	\N	633
634	bartonstella@finnsinte.se	\N	\N	634
635	cannon_margaret@finnsinte.se	\N	\N	635
636	timothy.mcdaniel6114@finnsinte.se	\N	\N	636
637	r.pierce@finnsinte.se	\N	\N	637
638	abel.morrison1173@finnsinte.se	\N	\N	638
639	f_ina@finnsinte.se	\N	\N	639
640	riggs-wing4273@finnsinte.se	\N	\N	640
641	m.zephr@finnsinte.se	\N	\N	641
642	merrill-anne637@finnsinte.se	\N	\N	642
643	m.troy2662@finnsinte.se	\N	\N	643
644	toddremedios6412@finnsinte.se	\N	\N	644
645	c-rosales@finnsinte.se	\N	\N	645
646	riggs.heidi6942@finnsinte.se	\N	\N	646
647	acosta-brendan3530@finnsinte.se	\N	\N	647
648	t.garth@finnsinte.se	\N	\N	648
649	sashajoseph1320@finnsinte.se	\N	\N	649
650	v-sellers9090@finnsinte.se	\N	\N	650
651	arobles8392@finnsinte.se	\N	\N	651
652	buckdemetrius@finnsinte.se	\N	\N	652
653	b_ciara7154@finnsinte.se	\N	\N	653
654	mollie.kim@finnsinte.se	\N	\N	654
655	ypetty@finnsinte.se	\N	\N	655
656	mbarr@finnsinte.se	\N	\N	656
657	a_kinney5188@finnsinte.se	\N	\N	657
658	phayes@finnsinte.se	\N	\N	658
659	a_carpenter8508@finnsinte.se	\N	\N	659
660	m_madden4628@finnsinte.se	\N	\N	660
661	david-abra@finnsinte.se	\N	\N	661
662	l.sharon@finnsinte.se	\N	\N	662
663	gallegos.grace@finnsinte.se	\N	\N	663
664	dcolorado1752@finnsinte.se	\N	\N	664
665	d_mullins@finnsinte.se	\N	\N	665
666	b.dodson8637@finnsinte.se	\N	\N	666
667	k_davidson@finnsinte.se	\N	\N	667
668	orla_le374@finnsinte.se	\N	\N	668
669	w.jada@finnsinte.se	\N	\N	669
670	j.nolan@finnsinte.se	\N	\N	670
671	c-washington3391@finnsinte.se	\N	\N	671
672	sawyer-colton4922@finnsinte.se	\N	\N	672
673	kerr-ira5318@finnsinte.se	\N	\N	673
674	y_byrd2408@finnsinte.se	\N	\N	674
675	mcmillan.troy5804@finnsinte.se	\N	\N	675
676	cline-sybil@finnsinte.se	\N	\N	676
677	johnston-amy@finnsinte.se	\N	\N	677
678	ahmed_holloway@finnsinte.se	\N	\N	678
679	smith.venus@finnsinte.se	\N	\N	679
680	d_guerra528@finnsinte.se	\N	\N	680
681	rivas.danielle@finnsinte.se	\N	\N	681
682	carlymerrill1089@finnsinte.se	\N	\N	682
683	velazquez-tanisha9345@finnsinte.se	\N	\N	683
684	hodges.stephen@finnsinte.se	\N	\N	684
685	c-quinn@finnsinte.se	\N	\N	685
686	blair-jameson@finnsinte.se	\N	\N	686
687	bartonhashim6967@finnsinte.se	\N	\N	687
688	heaton8922@finnsinte.se	\N	\N	688
689	levi.pierce7441@finnsinte.se	\N	\N	689
690	c-barr2650@finnsinte.se	\N	\N	690
691	k.cobb@finnsinte.se	\N	\N	691
692	amelia_tyson@finnsinte.se	\N	\N	692
693	saunders.wing@finnsinte.se	\N	\N	693
694	w_bridges798@finnsinte.se	\N	\N	694
695	c.mason@finnsinte.se	\N	\N	695
696	hilda.monroe4692@finnsinte.se	\N	\N	696
697	willa.mcknight5992@finnsinte.se	\N	\N	697
698	whitley-merrill@finnsinte.se	\N	\N	698
699	tperez7620@finnsinte.se	\N	\N	699
700	abradshaw1970@finnsinte.se	\N	\N	700
701	m_cleo@finnsinte.se	\N	\N	701
702	c-asher@finnsinte.se	\N	\N	702
703	j.morse5653@finnsinte.se	\N	\N	703
704	s-strickland@finnsinte.se	\N	\N	704
705	s.strong1264@finnsinte.se	\N	\N	705
706	k.nichols229@finnsinte.se	\N	\N	706
707	martinez.samantha@finnsinte.se	\N	\N	707
708	t-farmer4881@finnsinte.se	\N	\N	708
709	clemons_deirdre5867@finnsinte.se	\N	\N	709
710	isnow@finnsinte.se	\N	\N	710
711	bbaxter425@finnsinte.se	\N	\N	711
712	willis.cailin1233@finnsinte.se	\N	\N	712
713	ratliffjoan3112@finnsinte.se	\N	\N	713
714	cooper_alan3626@finnsinte.se	\N	\N	714
715	elvisglass9265@finnsinte.se	\N	\N	715
716	i.barlow3103@finnsinte.se	\N	\N	716
717	n.snider8431@finnsinte.se	\N	\N	717
718	m.humphrey@finnsinte.se	\N	\N	718
719	swayne@finnsinte.se	\N	\N	719
720	jacobs-charlotte@finnsinte.se	\N	\N	720
721	blang7617@finnsinte.se	\N	\N	721
722	a.keaton603@finnsinte.se	\N	\N	722
723	butler-ursa@finnsinte.se	\N	\N	723
724	walker-dillon@finnsinte.se	\N	\N	724
725	moody-autumn@finnsinte.se	\N	\N	725
726	j.garrison1158@finnsinte.se	\N	\N	726
727	kortega5536@finnsinte.se	\N	\N	727
728	fwhitney@finnsinte.se	\N	\N	728
729	longursula@finnsinte.se	\N	\N	729
730	bergbertha911@finnsinte.se	\N	\N	730
731	mchava@finnsinte.se	\N	\N	731
732	j-morgan5874@finnsinte.se	\N	\N	732
733	jorden_bruce2187@finnsinte.se	\N	\N	733
734	munozhayfa9807@finnsinte.se	\N	\N	734
735	jade-ross@finnsinte.se	\N	\N	735
736	rtamekah@finnsinte.se	\N	\N	736
737	tcline1421@finnsinte.se	\N	\N	737
738	pottskevyn5113@finnsinte.se	\N	\N	738
739	l_hebert@finnsinte.se	\N	\N	739
740	welchyasir@finnsinte.se	\N	\N	740
741	chambershadassah@finnsinte.se	\N	\N	741
742	j.bates361@finnsinte.se	\N	\N	742
743	mclaughlinshelley@finnsinte.se	\N	\N	743
744	c-hughes5751@finnsinte.se	\N	\N	744
745	geoffrey_richardson2490@finnsinte.se	\N	\N	745
746	mwarner@finnsinte.se	\N	\N	746
747	sglenna6589@finnsinte.se	\N	\N	747
748	h.carter@finnsinte.se	\N	\N	748
749	bakerpadilla8704@finnsinte.se	\N	\N	749
750	gillbradley103@finnsinte.se	\N	\N	750
751	clarke_fox4868@finnsinte.se	\N	\N	751
752	mercadojordan@finnsinte.se	\N	\N	752
753	c-lawson8890@finnsinte.se	\N	\N	753
754	s-adele9060@finnsinte.se	\N	\N	754
755	d_goodman2035@finnsinte.se	\N	\N	755
756	s_olivia@finnsinte.se	\N	\N	756
757	ggreen@finnsinte.se	\N	\N	757
758	z-oconnor6278@finnsinte.se	\N	\N	758
759	ciaranedwards@finnsinte.se	\N	\N	759
760	russell_anika7139@finnsinte.se	\N	\N	760
761	ibauer706@finnsinte.se	\N	\N	761
762	bean.malachi@finnsinte.se	\N	\N	762
763	lacey_romero@finnsinte.se	\N	\N	763
764	alvarez-oliver@finnsinte.se	\N	\N	764
765	l-bradley@finnsinte.se	\N	\N	765
766	tyler_carter@finnsinte.se	\N	\N	766
767	evanstamara@finnsinte.se	\N	\N	767
768	craigray1166@finnsinte.se	\N	\N	768
769	colefritz@finnsinte.se	\N	\N	769
770	r_jillian@finnsinte.se	\N	\N	770
771	rtashya@finnsinte.se	\N	\N	771
772	kcurtis@finnsinte.se	\N	\N	772
773	renee.reilly@finnsinte.se	\N	\N	773
774	sage-randolph@finnsinte.se	\N	\N	774
775	b-stacy3357@finnsinte.se	\N	\N	775
776	coby-moody@finnsinte.se	\N	\N	776
777	a-berg2584@finnsinte.se	\N	\N	777
778	s-cora2228@finnsinte.se	\N	\N	778
779	holt.portia8182@finnsinte.se	\N	\N	779
780	mitchell-marvin@finnsinte.se	\N	\N	780
781	pate_karleigh@finnsinte.se	\N	\N	781
782	rodriquez_ulric6142@finnsinte.se	\N	\N	782
783	a_galloway@finnsinte.se	\N	\N	783
784	palmer_manning4974@finnsinte.se	\N	\N	784
785	rhea_dotson@finnsinte.se	\N	\N	785
786	h_mooney@finnsinte.se	\N	\N	786
787	mcmillan_laura543@finnsinte.se	\N	\N	787
788	h-diaz@finnsinte.se	\N	\N	788
789	m_hewitt633@finnsinte.se	\N	\N	789
790	christensen_winter1095@finnsinte.se	\N	\N	790
791	hoffman_basia@finnsinte.se	\N	\N	791
792	rafaelroach@finnsinte.se	\N	\N	792
793	calvin_soto@finnsinte.se	\N	\N	793
794	b.carlson@finnsinte.se	\N	\N	794
795	bentley-clark@finnsinte.se	\N	\N	795
796	f_jimenez2317@finnsinte.se	\N	\N	796
797	w.buckminster9103@finnsinte.se	\N	\N	797
798	e-simon@finnsinte.se	\N	\N	798
799	r_yoko@finnsinte.se	\N	\N	799
800	simpson.hammett6128@finnsinte.se	\N	\N	800
801	stuart.halee1185@finnsinte.se	\N	\N	801
802	v-kylan@finnsinte.se	\N	\N	802
803	porterhonorato@finnsinte.se	\N	\N	803
804	petersenkay1385@finnsinte.se	\N	\N	804
805	kylan_adkins5298@finnsinte.se	\N	\N	805
806	g_herrera9457@finnsinte.se	\N	\N	806
807	v-indira5733@finnsinte.se	\N	\N	807
808	wilder.jemima6440@finnsinte.se	\N	\N	808
809	r.xantha@finnsinte.se	\N	\N	809
810	hbeck16@finnsinte.se	\N	\N	810
811	s_rylee8877@finnsinte.se	\N	\N	811
812	l-greene@finnsinte.se	\N	\N	812
813	x_carver@finnsinte.se	\N	\N	813
814	hcynthia@finnsinte.se	\N	\N	814
815	camacho_kyla9321@finnsinte.se	\N	\N	815
816	marnywatkins@finnsinte.se	\N	\N	816
817	herman-gross@finnsinte.se	\N	\N	817
818	wilkinson-hop@finnsinte.se	\N	\N	818
819	c.ingrid1935@finnsinte.se	\N	\N	819
820	wilkerson_carter9441@finnsinte.se	\N	\N	820
821	oyoung@finnsinte.se	\N	\N	821
822	eaton.colt@finnsinte.se	\N	\N	822
823	bradley_lael1720@finnsinte.se	\N	\N	823
824	durham-devin4535@finnsinte.se	\N	\N	824
825	laith_fleming@finnsinte.se	\N	\N	825
826	snyder-asher5789@finnsinte.se	\N	\N	826
827	a-mckay3798@finnsinte.se	\N	\N	827
828	amerymeyers6802@finnsinte.se	\N	\N	828
829	keithgiacomo@finnsinte.se	\N	\N	829
830	cochran.bertha@finnsinte.se	\N	\N	830
831	buchanan.virginia@finnsinte.se	\N	\N	831
832	b.hollee@finnsinte.se	\N	\N	832
833	kelley-graiden6409@finnsinte.se	\N	\N	833
834	xantha-briggs7342@finnsinte.se	\N	\N	834
835	s-mcdaniel5180@finnsinte.se	\N	\N	835
836	pollard.aline@finnsinte.se	\N	\N	836
837	shayslater8783@finnsinte.se	\N	\N	837
838	craig.walters@finnsinte.se	\N	\N	838
839	f-gemma@finnsinte.se	\N	\N	839
840	pickett.tara@finnsinte.se	\N	\N	840
841	r-suarez@finnsinte.se	\N	\N	841
842	rsweeney2910@finnsinte.se	\N	\N	842
843	d_curtis2568@finnsinte.se	\N	\N	843
844	g-shellie@finnsinte.se	\N	\N	844
845	joan.simon@finnsinte.se	\N	\N	845
846	f_abel@finnsinte.se	\N	\N	846
847	ayanna.jackson@finnsinte.se	\N	\N	847
848	t-scott@finnsinte.se	\N	\N	848
849	lacota.kidd964@finnsinte.se	\N	\N	849
850	t_lindsay@finnsinte.se	\N	\N	850
851	s_wilkins@finnsinte.se	\N	\N	851
852	hensleyginger@finnsinte.se	\N	\N	852
853	amaya_aguilar@finnsinte.se	\N	\N	853
854	lavinia-patterson4641@finnsinte.se	\N	\N	854
855	mcneil_inga2176@finnsinte.se	\N	\N	855
856	ferguson.giselle758@finnsinte.se	\N	\N	856
857	m_callum2462@finnsinte.se	\N	\N	857
858	talonmcgowan@finnsinte.se	\N	\N	858
859	stewartcora@finnsinte.se	\N	\N	859
860	kinney.chancellor@finnsinte.se	\N	\N	860
861	bree_mosley7146@finnsinte.se	\N	\N	861
862	mckay.laurel8485@finnsinte.se	\N	\N	862
863	keller-colby@finnsinte.se	\N	\N	863
864	bradshaw-tucker1205@finnsinte.se	\N	\N	864
865	blackburn.randall7871@finnsinte.se	\N	\N	865
866	m.lynn9820@finnsinte.se	\N	\N	866
867	fisher_kimberly@finnsinte.se	\N	\N	867
868	kdaugherty9995@finnsinte.se	\N	\N	868
869	medina.evelyn1544@finnsinte.se	\N	\N	869
870	s-french6314@finnsinte.se	\N	\N	870
871	c_wheeler2803@finnsinte.se	\N	\N	871
872	rhenry5444@finnsinte.se	\N	\N	872
873	m_madison4961@finnsinte.se	\N	\N	873
874	sampson_xenos@finnsinte.se	\N	\N	874
875	h-cantrell7606@finnsinte.se	\N	\N	875
876	lucaschanning3726@finnsinte.se	\N	\N	876
877	gabriel_cox7897@finnsinte.se	\N	\N	877
878	vedahuber3105@finnsinte.se	\N	\N	878
879	keely.church@finnsinte.se	\N	\N	879
880	timon-ball1269@finnsinte.se	\N	\N	880
881	lesley_roberts6238@finnsinte.se	\N	\N	881
882	a_williams@finnsinte.se	\N	\N	882
883	carney_phelan6642@finnsinte.se	\N	\N	883
884	solis-regan@finnsinte.se	\N	\N	884
885	c_gillespie6830@finnsinte.se	\N	\N	885
886	nolanmyles7196@finnsinte.se	\N	\N	886
887	acton.santiago540@finnsinte.se	\N	\N	887
888	jaime-jennings@finnsinte.se	\N	\N	888
889	douglas_timon2153@finnsinte.se	\N	\N	889
890	hahnkevyn@finnsinte.se	\N	\N	890
891	cortez_conan7591@finnsinte.se	\N	\N	891
892	alexa-middleton@finnsinte.se	\N	\N	892
893	benson.macey@finnsinte.se	\N	\N	893
894	r-luna1840@finnsinte.se	\N	\N	894
895	nevenewton@finnsinte.se	\N	\N	895
896	walter-hodges@finnsinte.se	\N	\N	896
897	nero-faulkner1855@finnsinte.se	\N	\N	897
898	r_gutierrez@finnsinte.se	\N	\N	898
899	o.decker@finnsinte.se	\N	\N	899
900	sgallagher8213@finnsinte.se	\N	\N	900
901	l_maldonado9104@finnsinte.se	\N	\N	901
902	b-hendrix@finnsinte.se	\N	\N	902
903	e-moreno6658@finnsinte.se	\N	\N	903
904	tyler_malcolm@finnsinte.se	\N	\N	904
905	r-warren@finnsinte.se	\N	\N	905
906	kaufmanross8703@finnsinte.se	\N	\N	906
907	j_velazquez@finnsinte.se	\N	\N	907
908	bass.joan@finnsinte.se	\N	\N	908
909	mendoza_preston6262@finnsinte.se	\N	\N	909
910	donna.burnett8839@finnsinte.se	\N	\N	910
911	c_lani@finnsinte.se	\N	\N	911
912	space@finnsinte.se	\N	\N	912
913	pratt_signe6170@finnsinte.se	\N	\N	913
914	ymccall4093@finnsinte.se	\N	\N	914
915	owens_caleb@finnsinte.se	\N	\N	915
916	b.perry@finnsinte.se	\N	\N	916
917	k-pacheco713@finnsinte.se	\N	\N	917
918	s-marah@finnsinte.se	\N	\N	918
919	willowschwartz@finnsinte.se	\N	\N	919
920	oliviapollard@finnsinte.se	\N	\N	920
921	dorsey-ashely7412@finnsinte.se	\N	\N	921
922	a-wilcox5820@finnsinte.se	\N	\N	922
923	foley_abigail@finnsinte.se	\N	\N	923
924	ewiggins@finnsinte.se	\N	\N	924
925	sears.jolene5629@finnsinte.se	\N	\N	925
926	h-owens@finnsinte.se	\N	\N	926
927	fisher_porter@finnsinte.se	\N	\N	927
928	willa.ford3552@finnsinte.se	\N	\N	928
929	oliver_neve7221@finnsinte.se	\N	\N	929
930	fnorton@finnsinte.se	\N	\N	930
931	kaybuchanan8012@finnsinte.se	\N	\N	931
932	collier.raya3190@finnsinte.se	\N	\N	932
933	deleon-knox@finnsinte.se	\N	\N	933
934	e_roth7363@finnsinte.se	\N	\N	934
935	dpierce@finnsinte.se	\N	\N	935
936	b.clemons@finnsinte.se	\N	\N	936
937	yhurst@finnsinte.se	\N	\N	937
938	b.brenden1824@finnsinte.se	\N	\N	938
939	j.lewis3546@finnsinte.se	\N	\N	939
940	shafira.hodges9060@finnsinte.se	\N	\N	940
941	spencer-scarlett@finnsinte.se	\N	\N	941
942	h_burch@finnsinte.se	\N	\N	942
943	r_conley@finnsinte.se	\N	\N	943
944	adkins-howard8316@finnsinte.se	\N	\N	944
945	dbuckley1693@finnsinte.se	\N	\N	945
946	f.long1855@finnsinte.se	\N	\N	946
947	c-boyle8396@finnsinte.se	\N	\N	947
948	l_flores7000@finnsinte.se	\N	\N	948
949	candacegray@finnsinte.se	\N	\N	949
950	rhutchinson@finnsinte.se	\N	\N	950
951	nmay4997@finnsinte.se	\N	\N	951
952	m-olson5505@finnsinte.se	\N	\N	952
953	u-mcgowan3880@finnsinte.se	\N	\N	953
954	navarro_hadassah864@finnsinte.se	\N	\N	954
955	ghanson4489@finnsinte.se	\N	\N	955
956	c_terrell@finnsinte.se	\N	\N	956
957	aaroncross@finnsinte.se	\N	\N	957
958	rojas.demetria2821@finnsinte.se	\N	\N	958
959	b.mason641@finnsinte.se	\N	\N	959
960	richards_malachi3910@finnsinte.se	\N	\N	960
961	s-ramirez@finnsinte.se	\N	\N	961
962	charles-tiger@finnsinte.se	\N	\N	962
963	m_ciara@finnsinte.se	\N	\N	963
964	cskinner@finnsinte.se	\N	\N	964
965	perez-malachi4313@finnsinte.se	\N	\N	965
966	boone.aladdin9481@finnsinte.se	\N	\N	966
967	glover.marshall3535@finnsinte.se	\N	\N	967
968	koch_august3014@finnsinte.se	\N	\N	968
969	m.nicholson@finnsinte.se	\N	\N	969
970	davidsoncalista@finnsinte.se	\N	\N	970
971	yuligoff@finnsinte.se	\N	\N	971
972	stephensonwhoopi6758@finnsinte.se	\N	\N	972
973	g-parks2635@finnsinte.se	\N	\N	973
974	west_solomon@finnsinte.se	\N	\N	974
975	holt-damian@finnsinte.se	\N	\N	975
976	f-tana6056@finnsinte.se	\N	\N	976
977	t_wyatt@finnsinte.se	\N	\N	977
978	w.jena@finnsinte.se	\N	\N	978
979	nyssafranco8541@finnsinte.se	\N	\N	979
980	c_luna@finnsinte.se	\N	\N	980
981	chaney-paul@finnsinte.se	\N	\N	981
982	h.simmons3309@finnsinte.se	\N	\N	982
983	pittsunity@finnsinte.se	\N	\N	983
984	mcintosh-tashya2579@finnsinte.se	\N	\N	984
985	v.downs@finnsinte.se	\N	\N	985
986	hurstjamalia6199@finnsinte.se	\N	\N	986
987	s-grant@finnsinte.se	\N	\N	987
988	murphy_wynter@finnsinte.se	\N	\N	988
989	gclinton@finnsinte.se	\N	\N	989
990	ella_kaufman@finnsinte.se	\N	\N	990
991	g.roberts@finnsinte.se	\N	\N	991
992	arden-allison5753@finnsinte.se	\N	\N	992
993	cshafira@finnsinte.se	\N	\N	993
994	a-dante@finnsinte.se	\N	\N	994
995	jesse-allen548@finnsinte.se	\N	\N	995
996	connor-burt@finnsinte.se	\N	\N	996
997	kmiranda@finnsinte.se	\N	\N	997
998	hardin_aladdin@finnsinte.se	\N	\N	998
999	wmackenzie9920@finnsinte.se	\N	\N	999
1000	moreno-yasir@finnsinte.se	\N	\N	1000
1001	boyer_september9123@finnsinte.se	\N	\N	1001
1002	smithmackenzie7339@finnsinte.se	\N	\N	1002
1003	doyle-slade516@finnsinte.se	\N	\N	1003
1004	cochran-aquila4349@finnsinte.se	\N	\N	1004
1005	keefecastaneda8778@finnsinte.se	\N	\N	1005
1006	oneal.isaac@finnsinte.se	\N	\N	1006
1007	ciarabolton2576@finnsinte.se	\N	\N	1007
1008	simone.whitehead@finnsinte.se	\N	\N	1008
1009	orla.meadows5655@finnsinte.se	\N	\N	1009
1010	s.kenyon@finnsinte.se	\N	\N	1010
\.


--
-- Data for Name: person; Type: TABLE DATA; Schema: public; Owner: postgres
--

COPY public.person (id, first_name, last_name, personal_number, role_id) FROM stdin;
1	Joelle	Wilkinson	\N	1
2	Martin	Cummings	\N	1
3	Dante	Mason	\N	1
4	Risa	Mayer	\N	1
5	Maxwell	Bailey	\N	1
6	Emi	Flowers	\N	1
7	Hedley	Arnold	\N	1
8	Armand	Todd	\N	1
9	Phillip	Ramsey	\N	1
10	Austin	Mueller	\N	1
11	Leroy	Crane	20070114-1252	2
12	Aristotle	Meadows	20030413-5765	2
13	Tucker	Travis	20090317-7750	2
14	Fulton	Wilkerson	20020119-6956	2
15	Zeph	Lopez	20030715-4421	2
16	Xander	Ortiz	20050715-0949	2
17	Lyle	House	20020419-6224	2
18	Cassandra	Barry	20080213-5606	2
19	Ifeoma	Kirkland	20070317-8141	2
20	Charity	Washington	20090717-3177	2
21	Edward	Hess	20000715-0456	2
22	Tamara	Dean	20010412-7665	2
23	Teagan	Dillard	20050115-3901	2
24	Kennedy	Cox	20060519-1626	2
25	Violet	Cash	20060417-3860	2
26	Hasad	Roth	20070618-7746	2
27	Edward	Dean	20030414-8066	2
28	Jin	Soto	20050718-7025	2
29	Colorado	Gentry	20020217-9638	2
30	Nolan	Horn	20060518-1513	2
31	Hedy	Wall	20030513-2431	2
32	Uta	Rosales	20070519-2332	2
33	Wynter	Bauer	20020817-4226	2
34	Zorita	Taylor	20070715-6572	2
35	Kelly	Chase	20080313-8250	2
36	Gage	Bird	20030817-1875	2
37	Isabelle	Puckett	20030214-5836	2
38	Chantale	Yates	20040116-8047	2
39	Cora	Hooper	20040812-3568	2
40	Belle	Workman	20040516-6176	2
41	Zachary	Mason	20040417-2387	2
42	Kaitlin	Boyer	20030617-1376	2
43	Petra	Estes	20010212-8352	2
44	Amaya	Peterson	20050514-8177	2
45	Brady	Rutledge	20010711-8352	2
46	Sylvia	Paul	20010717-2251	2
47	Isaac	Espinoza	20030312-7287	2
48	Nathaniel	Gregory	20020618-8032	2
49	Phelan	Aguirre	20010418-1311	2
50	Jayme	Mayo	20070219-3245	2
51	Jordan	Lancaster	20000612-5724	2
52	Idona	Gallegos	20040319-7248	2
53	Arsenio	Wolf	20010418-6386	2
54	Willow	Burt	20040218-3778	2
55	Kim	Anthony	20060417-8506	2
56	Addison	Watkins	20010211-8019	2
57	Fuller	Parker	20040616-4405	2
58	Carlos	Conley	20070514-3078	2
59	Phelan	Petersen	20010812-6279	2
60	Miranda	Simmons	20030413-3866	2
61	Malcolm	Joyner	20030818-8642	2
62	Chaney	Hines	20020518-4355	2
63	Upton	Jordan	20050815-7417	2
64	Allegra	Ortiz	20040313-6569	2
65	Ferdinand	Montoya	20050912-5127	2
66	Danielle	Brooks	20050718-4980	2
67	Shannon	Wilkerson	20000119-8931	2
68	Ezekiel	Justice	20000215-8505	2
69	Kelsey	Mendez	20030214-6929	2
70	Perry	Gutierrez	20020412-8564	2
71	Desiree	Mcpherson	20020818-2825	2
72	Abraham	Miller	20050811-7718	2
73	Julie	Underwood	20030413-5867	2
74	Bruce	Heath	20060211-2504	2
75	Shelly	Chang	20050812-7226	2
76	Kaseem	Gibson	20070713-8468	2
77	Vance	Charles	20070518-8166	2
78	Asher	Ellis	20040614-3134	2
79	Alea	Jordan	20030215-4541	2
80	Xandra	Raymond	20050511-4351	2
81	Tashya	Savage	20080615-2714	2
82	Stacey	Hall	20010613-5306	2
83	Prescott	Barker	20040612-0193	2
84	Aurora	Joyce	20010514-2843	2
85	Eugenia	Hardin	20020712-4283	2
86	Chandler	Stout	20060314-1151	2
87	Imelda	Hutchinson	20000812-7515	2
88	Scott	Hendrix	20050511-3717	2
89	Cairo	Garner	20070913-4461	2
90	Meghan	Little	20030517-4367	2
91	Galvin	Cummings	20030613-1885	2
92	Conan	Stafford	20060718-6899	2
93	Eric	Kerr	20040812-5036	2
94	Michael	Galloway	20040812-5781	2
95	Ignatius	Grimes	20020712-5722	2
96	Allen	Rhodes	20000313-6856	2
97	Wilma	Burris	20040412-1112	2
98	Damian	Singleton	20060716-8836	2
99	Aurelia	Bond	20070313-7417	2
100	Emery	Lynn	20000712-7696	2
101	Portia	Cote	20030814-9843	2
102	Orson	Acevedo	20040212-9461	2
103	Zia	Best	20090311-5262	2
104	Wylie	Petersen	20010816-8355	2
105	Barrett	Nunez	20030618-2877	2
106	Dorothy	Schmidt	20050118-9195	2
107	Arden	Love	20050311-3772	2
108	Samantha	Howell	20000915-3776	2
109	Inga	Rose	20050417-4218	2
110	Octavia	Dickson	20020911-8722	2
111	Ignatius	Tillman	20030715-4342	2
112	Kristen	Barron	20090614-1644	2
113	Clarke	Rosario	20060415-2181	2
114	Jolie	Fulton	20010211-1067	2
115	Akeem	Fry	20020918-3484	2
116	George	Ingram	20000713-2326	2
117	Justin	Lott	20000413-6179	2
118	Joshua	Cochran	20010114-5829	2
119	Dominic	Gomez	20050613-3021	2
120	Jena	Mcpherson	20010217-1740	2
121	Carlos	May	20000618-6052	2
122	Adria	Duffy	20080612-1112	2
123	Brenda	Bridges	20040817-0766	2
124	Nissim	Barnes	20040816-0539	2
125	Dexter	Conway	20020814-7881	2
126	Trevor	Sargent	20000712-1410	2
127	Kylan	Crane	20020716-1276	2
128	Alvin	Graham	20050714-8552	2
129	Shelby	Lynn	20050519-3482	2
130	Russell	Roberts	20050112-6847	2
131	Iola	Morris	20070218-6736	2
132	Isaiah	Cooke	20070112-3227	2
133	Stacy	Hammond	20070417-3206	2
134	Kirestin	Trujillo	20060719-6214	2
135	Tate	Macdonald	20000411-5845	2
136	Lucas	Pittman	20040412-1849	2
137	Cody	Norman	20000219-3848	2
138	Akeem	Perez	20040712-8365	2
139	Valentine	Hines	20080518-6379	2
140	Zorita	Noel	20080217-4547	2
141	Alea	Ellison	20010915-2294	2
142	Morgan	Pace	20010217-6784	2
143	Burke	Walsh	20040214-8281	2
144	Larissa	Allen	20080615-7636	2
145	Herman	Cantu	20080917-1103	2
146	Beau	Gardner	20050816-4521	2
147	Ira	Collier	20010312-1431	2
148	Amena	Booth	20080217-7844	2
149	Declan	Forbes	20020211-3576	2
150	Vance	Ward	20050311-3496	2
151	Kerry	Lloyd	20010615-4473	2
152	Faith	Harrell	20010112-3111	2
153	Kessie	Quinn	20060712-2216	2
154	Kimberly	Fowler	20080216-5347	2
155	Mufutau	Shields	20010312-6892	2
156	Rhonda	Espinoza	20070612-8890	2
157	Riley	Mays	20040612-5585	2
158	Jack	Finley	20080219-1228	2
159	Penelope	Morales	20020813-9274	2
160	Laurel	Bowman	20040912-3021	2
161	Shea	Olsen	20020518-1476	2
162	Joan	Serrano	20070918-1531	2
163	Skyler	Avery	20040815-9997	2
164	Adam	Daniels	20020218-9842	2
165	Elmo	Morin	20060617-4834	2
166	Hammett	Cherry	20050319-9537	2
167	Zachery	Hughes	20050612-8156	2
168	Alden	Benton	20070218-1629	2
169	Kathleen	Ramos	20020518-2796	2
170	Scott	Horne	20040117-8415	2
171	Macey	Walton	20040211-7764	2
172	Garrison	Compton	20050813-1122	2
173	TaShya	Mejia	20040416-5161	2
174	Veronica	Ross	20040215-2792	2
175	Shad	Houston	20040911-3573	2
176	Ashely	Jones	20040918-4022	2
177	Valentine	Wallace	20090615-2353	2
178	Andrew	Hood	20050712-1655	2
179	Jack	Butler	20060615-3810	2
180	Alan	Gaines	20040611-9648	2
181	Phillip	Lloyd	20050511-4672	2
182	Adara	Winters	20020217-4850	2
183	Orli	Browning	20020613-1799	2
184	Bo	Walker	20060513-7376	2
185	Alice	Yang	20030414-4377	2
186	Aretha	Shepherd	20070213-2658	2
187	Griffin	Young	20010818-2415	2
188	Lael	Stokes	20000215-1332	2
189	Hamilton	Arnold	20070514-7217	2
190	Nero	Mendez	20070317-5336	2
191	Malcolm	Farley	20000417-9279	2
192	Rogan	Ward	20020612-5433	2
193	Dylan	Vang	20080314-6784	2
194	Shannon	Petty	20010612-4574	2
195	Marvin	Meyers	20040711-7156	2
196	Cedric	Banks	20090915-6771	2
197	Ezra	Walters	20030713-8237	2
198	Lana	Gaines	20010215-0234	2
199	Omar	Pace	20090515-1734	2
200	Melvin	Wall	20050718-5414	2
201	Kylee	Stein	20040312-3716	2
202	Althea	Mcbride	20030816-1273	2
203	Rose	Douglas	20040915-8475	2
204	Graiden	Meadows	20080615-0253	2
205	Abraham	Bradford	20030715-4251	2
206	Karen	Ortiz	20050519-2536	2
207	Honorato	Kirk	20010316-3878	2
208	Fitzgerald	Baldwin	20010818-3789	2
209	Hilda	Meadows	20090312-1888	2
210	Hedy	Rich	20080413-9202	2
211	Ivy	Monroe	20010814-5400	2
212	Elmo	Perry	20060312-7444	2
213	Rana	Trevino	20020517-1231	2
214	Eve	Horn	20080412-1518	2
215	Hedley	Andrews	20070712-1185	2
216	Katelyn	Thomas	20080315-5833	2
217	Samson	Le	20070912-7056	2
218	Orla	Noble	20080218-1338	2
219	Wynne	Lyons	20010916-3255	2
220	Farrah	Adams	20050712-5831	2
221	Alika	Neal	20070815-5619	2
222	Patrick	Smith	20050212-9609	2
223	Helen	Morin	20030711-5853	2
224	Kristen	Gonzalez	20080816-8717	2
225	Tanner	Huff	20030418-5439	2
226	Hanae	Nixon	20010814-3706	2
227	Hyacinth	Phillips	20000816-8451	2
228	Gabriel	Savage	20080716-4435	2
229	Constance	Lewis	20090311-4728	2
230	Zephania	Palmer	20060818-0581	2
231	Buckminster	Lewis	20010718-6865	2
232	Jolie	Buckner	20080613-5666	2
233	Dean	Goff	20080814-6604	2
234	Chancellor	Richmond	20050613-2278	2
235	Brenden	Burks	20090417-8880	2
236	Azalia	Frederick	20050215-9186	2
237	Seth	Mccall	20000818-7174	2
238	Griffin	Hoffman	20020216-7550	2
239	Dawn	Lamb	20060815-7973	2
240	Maxine	Larson	20040619-7787	2
241	Geraldine	Keith	20010418-8302	2
242	Heather	Willis	20030419-4150	2
243	Lavinia	Ford	20040518-7595	2
244	Doris	Ayala	20060512-4265	2
245	Jolie	Mcdonald	20060216-7812	2
246	Constance	Perez	20050311-6756	2
247	Ashely	Blair	20080415-8452	2
248	Gregory	Deleon	20020811-1054	2
249	Libby	Spencer	20080512-2842	2
250	Martha	Velasquez	20000218-9575	2
251	Maggie	Zimmerman	20060214-4225	2
252	Fritz	Davis	20080817-6122	2
253	Allen	Barlow	20020713-1531	2
254	Cynthia	Rivas	20050514-6172	2
255	Barbara	Rush	20070118-8156	2
256	Ishmael	Davenport	20030413-8386	2
257	Chaim	Branch	20070314-8028	2
258	Hollee	Carroll	20030616-4664	2
259	Ian	Taylor	20050111-5252	2
260	Driscoll	Cooke	20070612-9419	2
261	Fiona	Baxter	20030411-7216	2
262	Curran	Barr	20060317-5908	2
263	Brenden	Gardner	20000514-6155	2
264	Mariko	Battle	20010812-6566	2
265	Quamar	Carney	20080314-3444	2
266	Mannix	Long	20080712-3512	2
267	Kasper	Noble	20060716-5446	2
268	Graiden	Callahan	20080114-2240	2
269	Basil	Huffman	20050318-6774	2
270	Brennan	Dickson	20030918-7195	2
271	Stacy	Logan	20020211-7181	2
272	Isabelle	Mueller	20060414-9735	2
273	Gage	Zamora	20010915-7241	2
274	Berk	Hoffman	20070211-2642	2
275	Upton	Horton	20050313-8634	2
276	Silas	Ramos	20020417-3513	2
277	Suki	Farmer	20070618-8214	2
278	Halee	Richards	20030513-8717	2
279	Geraldine	Mayer	20060518-3465	2
280	Shelby	Gilbert	20080818-5426	2
281	Debra	Kirby	20010414-2613	2
282	Lisandra	Neal	20070415-1311	2
283	Jenette	Snider	20080818-3277	2
284	Ethan	Saunders	20020313-8025	2
285	Renee	Allen	20090518-2691	2
286	Darryl	Marks	20030216-5717	2
287	Malcolm	Salas	20060318-0594	2
288	Skyler	Bowers	20070416-4495	2
289	Rhona	Phillips	20040515-2635	2
290	Althea	Grant	20020716-6513	2
291	Aaron	Copeland	20070215-1989	2
292	Ariana	Wilson	20050618-2724	2
293	Zeph	Allen	20040613-5563	2
294	Ignacia	Gonzalez	20070519-8617	2
295	Kim	Osborne	20020912-3403	2
296	Naomi	Shaw	20020717-5724	2
297	Igor	Justice	20030716-6243	2
298	Felix	Carrillo	20020714-6289	2
299	Hillary	Caldwell	20000519-9588	2
300	Aimee	Hendrix	20070315-7687	2
301	Alfreda	Everett	20080419-6871	2
302	Rebekah	Finch	20060514-0388	2
303	Cody	Nolan	20080417-4318	2
304	Raphael	Hale	20090914-5480	2
305	Bo	Reed	20070512-7544	2
306	Ivor	Macias	20040411-9687	2
307	Joan	Buchanan	20090316-7402	2
308	Oren	Holt	20080619-2217	2
309	Gabriel	Gomez	20060912-0406	2
310	Ira	Quinn	20010215-7144	2
311	Sara	Fulton	20060711-7330	2
312	Oprah	Robles	20020314-3857	2
313	Chantale	Newton	20060118-6173	2
314	Phelan	Salinas	20050516-3686	2
315	Raphael	Sandoval	20040313-7991	2
316	Donna	Porter	20050214-1980	2
317	Steel	Mack	20030617-6766	2
318	Francesca	Chandler	20040815-3303	2
319	Fleur	Noble	20050717-4348	2
320	Maryam	Mcleod	20010915-5656	2
321	Blaze	Stevens	20060618-9233	2
322	Freya	Walton	20050317-5217	2
323	Tatum	Tucker	20060317-0973	2
324	Denton	Stewart	20010813-4350	2
325	Ashton	Serrano	20060414-6744	2
326	Mariam	Gordon	20050418-9223	2
327	Perry	Rice	20070312-5646	2
328	Benjamin	Hammond	20050313-6531	2
329	September	Wilson	20070515-6967	2
330	Odysseus	Alford	20020314-5287	2
331	Astra	Moon	20050416-3827	2
332	Nerea	Woodward	20040618-1200	2
333	Arthur	Richards	20070412-7803	2
334	Leigh	Houston	20050216-4849	2
335	Cruz	Riggs	20090216-6844	2
336	Katelyn	Watkins	20080217-3024	2
337	Yuli	Farley	20040217-1797	2
338	Rinah	Gilbert	20070712-8588	2
339	Philip	Mccray	20010717-7231	2
340	Odysseus	Preston	20080815-3874	2
341	Larissa	Faulkner	20060712-1947	2
342	Yvette	Roth	20010411-3173	2
343	Keith	Horton	20030214-8585	2
344	Justine	Parsons	20030314-5331	2
345	Trevor	Battle	20010417-7172	2
346	Karina	Melton	20040213-8337	2
347	Craig	Hendricks	20040517-7610	2
348	Shelby	Weeks	20010116-6673	2
349	Charity	Vincent	20060817-4586	2
350	Dominic	Pugh	20050213-2237	2
351	Camden	Jenkins	20050511-6613	2
352	Stella	Hawkins	20040716-6217	2
353	Kyle	Oneil	20030512-4152	2
354	Wyatt	Davis	20080317-7570	2
355	Vance	Sparks	20010212-1460	2
356	Nichole	Potts	20020516-1582	2
357	Merrill	Howard	20080216-1063	2
358	Maite	Browning	20020112-2254	2
359	Vaughan	Carson	20040413-6289	2
360	Urielle	Floyd	20020914-2333	2
361	Byron	Kelly	20030814-4972	2
362	Florence	Beasley	20010118-7482	2
363	Phillip	Shannon	20090117-3488	2
364	Jennifer	Henson	20040311-9278	2
365	Colette	Harrell	20020315-5788	2
366	Graiden	English	20090717-7832	2
367	Vaughan	Dunlap	20020818-4452	2
368	Jayme	Morin	20090915-7409	2
369	Octavius	Sexton	20030318-7806	2
370	Lydia	Mckenzie	20060311-2987	2
371	Quamar	Merritt	20040713-4800	2
372	Vera	Franks	20040912-3835	2
373	Genevieve	Burt	20010215-2128	2
374	Colt	French	20030313-8425	2
375	Cairo	Holloway	20020811-3674	2
376	Lionel	Fischer	20070215-0669	2
377	Cade	Riddle	20070117-5140	2
378	Rowan	Larsen	20070514-3464	2
379	Jonas	Hines	20040219-5479	2
380	Berk	Hensley	20090217-3515	2
381	Oprah	Vang	20070314-2557	2
382	Ayanna	Massey	20060315-4720	2
383	Kane	Ellis	20040312-3424	2
384	Xantha	Duran	20000517-5898	2
385	Jared	Witt	20030212-1615	2
386	Nicole	French	20060513-5479	2
387	Riley	Collier	20000219-1781	2
388	Jolene	Woods	20000713-8182	2
389	Bethany	Sandoval	20070311-0238	2
390	Rama	Beck	20030514-5186	2
391	Seth	Robinson	20060216-2472	2
392	Reagan	Patton	20040317-7466	2
393	Oren	Huff	20080518-6854	2
394	Eric	Avila	20020818-2666	2
395	Murphy	Mcfadden	20080619-3653	2
396	Beatrice	Moody	20060213-5038	2
397	Jamalia	Logan	20010414-3250	2
398	Dorothy	Slater	20070213-1397	2
399	Reed	Delaney	20090616-5474	2
400	Kenneth	Hyde	20060217-2712	2
401	Jesse	Compton	20020213-1680	2
402	Halla	Hill	20070412-6153	2
403	Whoopi	Le	20020118-1763	2
404	Brianna	Terry	20010716-6748	2
405	Vivian	Huff	20040415-1801	2
406	Hoyt	Herring	20080719-5502	2
407	Blake	Rasmussen	20070212-4878	2
408	Shelly	Durham	20010917-1871	2
409	Buckminster	Cohen	20060314-7634	2
410	Nasim	Cameron	20000516-5311	2
411	Zachary	Foreman	20080616-4779	2
412	Winifred	Underwood	20040915-4016	2
413	Melinda	Diaz	20080616-8423	2
414	Sasha	Best	20050415-2340	2
415	Louis	Cochran	20050318-3427	2
416	Desiree	Adams	20010811-1662	2
417	Stacy	Talley	20030617-4312	2
418	Isaiah	Ayers	20040718-1611	2
419	Christian	Lyons	20080817-1586	2
420	Lucas	Carey	20040314-0833	2
421	Autumn	Wilson	20000413-4462	2
422	Cathleen	Allen	20020511-5279	2
423	Warren	Mosley	20080817-8937	2
424	Alexis	Miles	20000417-9191	2
425	Rebecca	Stafford	20050612-6323	2
426	Kiona	Hunter	20070318-7542	2
427	Rama	Kline	20060913-2512	2
428	Marsden	Simpson	20010313-1318	2
429	Jemima	Hayes	20080218-7763	2
430	Amela	Curtis	20050711-4789	2
431	Dolan	Deleon	20000513-0876	2
432	Wanda	Lindsey	20030218-1148	2
433	Mia	Cote	20040715-2888	2
434	Hadassah	Morin	20020315-6781	2
435	Shay	Patton	20020815-1188	2
436	Yasir	Morse	20060817-7547	2
437	Bruno	Compton	20040219-0870	2
438	Shelley	Walter	20010517-6757	2
439	Kareem	Ward	20010315-7333	2
440	Danielle	Duncan	20010812-4337	2
441	Rigel	Blackwell	20010815-3849	2
442	Jerome	Ware	20010914-2200	2
443	Cody	Bates	20010817-5395	2
444	Garrison	Mcintosh	20040514-8456	2
445	Hyacinth	Perry	20010719-6151	2
446	Melyssa	Lambert	20030818-2073	2
447	Flynn	Cruz	20000514-5125	2
448	Jelani	Bender	20050516-5610	2
449	Daria	Baxter	20040117-6463	2
450	Mari	Stafford	20090611-5911	2
451	Thor	Kerr	20050611-5480	2
452	Amena	Johnston	20040316-6484	2
453	Harlan	Greene	20030819-6261	2
454	Emery	Sanchez	20080216-6423	2
455	Hilel	Schultz	20050417-7584	2
456	Tallulah	Kidd	20050112-1585	2
457	Caryn	Joyce	20030712-1045	2
458	Adara	Bonner	20070215-8652	2
459	Rebekah	Nicholson	20070313-8738	2
460	Nyssa	Hutchinson	20060816-7826	2
461	Hilel	Sharpe	20060717-7577	2
462	Cara	Matthews	20080716-3346	2
463	Uriah	Henson	20070718-7732	2
464	Donovan	Duran	20030315-8441	2
465	Oprah	Shaffer	20080314-9658	2
466	Nolan	Murray	20080714-9145	2
467	Brady	Mack	20000319-1275	2
468	Asher	Carpenter	20050511-6222	2
469	Remedios	Becker	20090215-3223	2
470	Maggy	Little	20070212-8637	2
471	Oliver	Harrington	20020212-8816	2
472	Alexandra	Silva	20040816-5675	2
473	Aaron	Howe	20020217-9812	2
474	Carla	Ware	20030615-1513	2
475	Dora	Cook	20010314-3813	2
476	Colleen	Howard	20070514-8625	2
477	Finn	Scott	20030712-2646	2
478	Aidan	Sanders	20050514-2216	2
479	Joelle	Maynard	20000614-9276	2
480	Camilla	Sykes	20060812-1373	2
481	Sonya	Sawyer	20020812-3465	2
482	Olga	Kelley	20040318-0077	2
483	Aspen	Yang	20040616-0453	2
484	Zeph	Wolf	20090619-8812	2
485	Chaney	Mcleod	20030418-6828	2
486	Len	Holmes	20050713-7456	2
487	Clare	Bernard	20060612-1862	2
488	Merrill	Cruz	20090618-2712	2
489	Shea	Bowers	20080414-2458	2
490	Rigel	Flores	20080714-1587	2
491	Wesley	Wagner	20070318-2142	2
492	Sawyer	Vang	20010818-3404	2
493	Simon	Durham	20070918-1485	2
494	Fitzgerald	Cochran	20040417-5763	2
495	Noelani	Roberson	20020313-1166	2
496	Kristen	Dixon	20030511-4738	2
497	Claudia	Mccarty	20050819-9818	2
498	Yvette	Thornton	20080716-6257	2
499	Scott	Rojas	20060714-9847	2
500	Hayden	Gomez	20090414-7475	2
501	Felix	Shepherd	20010111-6535	2
502	Dennis	Soto	20080512-1655	2
503	Pearl	Mercer	20000312-2336	2
504	Phillip	Rowland	20020817-8803	2
505	Bo	Sullivan	20040817-6546	2
506	Alma	Doyle	20040714-5746	2
507	Arden	Alvarez	20050216-3327	2
508	Tatyana	Howe	20060714-8613	2
509	Colton	Joyce	20010611-8755	2
510	Daria	Roberson	20020415-4553	2
511	Dieter	Jacobs	20050317-5412	2
512	Jacob	Garcia	20010818-2682	2
513	Candace	Nash	20000812-2256	2
514	Silas	Beasley	20070417-5487	2
515	Vielka	Tyler	20030511-9281	2
516	Yeo	Reynolds	20080511-6072	2
517	Fuller	Forbes	20020214-8965	2
518	Xantha	Norris	20040612-9220	2
519	Dante	Hamilton	20070216-5865	2
520	Xenos	White	20040216-9939	2
521	Charlotte	Barry	20040417-4760	2
522	Xaviera	Barrera	20010815-2763	2
523	Porter	Smith	20010114-1921	2
524	Griffith	Bradford	20030118-0671	2
525	William	Pratt	20020713-2231	2
526	Jared	Villarreal	20060617-4547	2
527	Sophia	Sparks	20060513-7593	2
528	Clare	Norris	20020917-3715	2
529	Amos	Sears	20030214-9032	2
530	Reuben	Carter	20010115-7188	2
531	Athena	Sharpe	20070115-0779	2
532	Violet	Miles	20010111-1446	2
533	Bianca	Stewart	20060718-1218	2
534	Candace	Koch	20030614-9216	2
535	Laurel	Hodge	20070613-8215	2
536	Aidan	Sargent	20080417-3456	2
537	Roanna	Munoz	20050218-2228	2
538	Leroy	Freeman	20060718-1276	2
539	Fatima	Tran	20060212-3419	2
540	Elizabeth	Buchanan	20070414-7119	2
541	Melinda	Terrell	20020416-7362	2
542	Nehru	Floyd	20030213-5113	2
543	Quynn	Ray	20010716-5383	2
544	Gwendolyn	Sears	20080916-2943	2
545	Lareina	Armstrong	20070312-4958	2
546	Declan	Stuart	20040812-8167	2
547	Isaiah	Mcmahon	20060915-6449	2
548	Michelle	Benjamin	20000515-2278	2
549	Iliana	Acosta	20020117-8325	2
550	Quynn	Adkins	20060412-1656	2
551	Patrick	Chen	20040618-5673	2
552	Henry	Evans	20060513-8367	2
553	Uta	Harvey	20020615-7319	2
554	Daquan	Montoya	20090314-9325	2
555	Guy	Baldwin	20050614-8346	2
556	Charissa	Poole	20050715-3419	2
557	Susan	Wood	20010417-8323	2
558	Hamilton	Alvarado	20020217-7367	2
559	Hammett	Summers	20030719-8887	2
560	Lawrence	Waters	20060614-6680	2
561	Timothy	Roberts	20040616-2152	2
562	Byron	Reed	20030814-3373	2
563	Blythe	Villarreal	20020616-9181	2
564	Kamal	Floyd	20080314-8455	2
565	Cain	Sawyer	20050516-7286	2
566	Cathleen	Perry	20040113-3360	2
567	Jason	Figueroa	20020114-3394	2
568	Delilah	Olson	20020817-2895	2
569	Lael	Moody	20060315-1273	2
570	Abbot	Hampton	20010314-8051	2
571	Rooney	Cantrell	20080415-0687	2
572	Amos	Burke	20000818-9066	2
573	Salvador	Kinney	20020211-4301	2
574	Pearl	Fernandez	20060612-1392	2
575	Judith	Keith	20080719-6533	2
576	Glenna	Monroe	20060616-1418	2
577	Talon	Dejesus	20060918-5112	2
578	Haley	Arnold	20030318-9243	2
579	Darryl	Boyle	20020515-5434	2
580	Piper	Morse	20030217-1726	2
581	Caldwell	Bright	20060613-8153	2
582	Eleanor	Haley	20060518-2541	2
583	Rhonda	Pittman	20020119-1764	2
584	Harlan	Stark	20090512-7974	2
585	Genevieve	Roberson	20070218-0928	2
586	Giselle	Ratliff	20020314-3235	2
587	Boris	Clayton	20050216-4322	2
588	Kirk	Frank	20030818-1413	2
589	Katelyn	Price	20010513-6512	2
590	Henry	Langley	20070615-7153	2
591	Dai	Gonzales	20030414-5355	2
592	Myra	Forbes	20080616-3723	2
593	Lani	Jacobs	20000215-5581	2
594	August	Pate	20060312-9044	2
595	Christen	Wilder	20060816-2571	2
596	Zelenia	Hess	20080416-7002	2
597	Wyatt	Elliott	20070719-3647	2
598	Mercedes	Montgomery	20010118-2589	2
599	Caesar	Reed	20000518-6741	2
600	Georgia	Callahan	20040317-2385	2
601	Rajah	Blankenship	20090611-1661	2
602	Lester	Chang	20070714-7550	2
603	Caldwell	Perkins	20020613-1511	2
604	Nita	Washington	20090513-5453	2
605	Keelie	Miller	20090318-7751	2
606	Trevor	Wyatt	20090812-1450	2
607	Chantale	Duncan	20010418-5512	2
608	Mark	Jarvis	20010218-3141	2
609	Todd	Frank	20040211-4241	2
610	Genevieve	Palmer	20020719-1253	2
611	Donovan	Carney	20020214-2774	2
612	Aaron	Sears	20050812-8631	2
613	Naomi	Peck	20020314-4413	2
614	Echo	Gutierrez	20010413-8247	2
615	Orlando	Roth	20070414-5443	2
616	Lee	Lara	20030315-7497	2
617	Nash	Underwood	20030218-7752	2
618	Jade	Wilder	20060613-2424	2
619	Marah	Forbes	20050116-2981	2
620	Tanner	Reed	20020913-1672	2
621	Galena	Reese	20070515-4464	2
622	Bianca	Norton	20020413-3844	2
623	Scarlet	Pennington	20020519-4771	2
624	Ina	Payne	20090817-5533	2
625	Garrison	Ashley	20080716-4617	2
626	Tasha	Dixon	20020114-8684	2
627	Baxter	Day	20020615-4372	2
628	Joan	Stein	20030814-5627	2
629	Stone	Hammond	20030718-8021	2
630	Ethan	Snow	20080712-8046	2
631	Barclay	Keller	20020516-6472	2
632	Graiden	Ellis	20040412-0228	2
633	Raja	Meyers	20050914-9722	2
634	Stella	Barton	20020417-4556	2
635	Margaret	Cannon	20060416-1852	2
636	Timothy	Mcdaniel	20030215-1185	2
637	Regina	Pierce	20000414-5617	2
638	Abel	Morrison	20030414-6484	2
639	Ina	Farley	20050417-5000	2
640	Wing	Riggs	20050414-9811	2
641	Zephr	Mueller	20020912-4532	2
642	Anne	Merrill	20020813-9056	2
643	Troy	Montgomery	20000814-0449	2
644	Remedios	Todd	20060315-4973	2
645	Calvin	Rosales	20020314-7936	2
646	Heidi	Riggs	20080718-3720	2
647	Brendan	Acosta	20040214-2684	2
648	Garth	Terry	20070711-2277	2
649	Sasha	Joseph	20040716-6778	2
650	Virginia	Sellers	20060113-1498	2
651	Aquila	Robles	20090711-5883	2
652	Demetrius	Buck	20070112-2112	2
653	Ciara	Branch	20060118-1771	2
654	Mollie	Kim	20050216-6554	2
655	Yuri	Petty	20050514-8472	2
656	May	Barr	20080511-1615	2
657	Alden	Kinney	20070516-5314	2
658	Porter	Hayes	20070316-1657	2
659	Aladdin	Carpenter	20010416-3303	2
660	Martena	Madden	20070713-8430	2
661	Abra	David	20030713-6456	2
662	Sharon	Love	20060612-3517	2
663	Grace	Gallegos	20070417-8816	2
664	Colorado	Duke	20040415-7707	2
665	Derek	Mullins	20080312-2268	2
666	Bianca	Dodson	20020114-1157	2
667	Kasimir	Davidson	20060314-3485	2
668	Orla	Le	20020513-2190	2
669	Jada	Warner	20010616-1854	2
670	Jasper	Nolan	20040717-6025	2
671	Chaney	Washington	20050611-7615	2
672	Colton	Sawyer	20030513-0572	2
673	Ira	Kerr	20010716-2271	2
674	Yoshi	Byrd	20020818-6134	2
675	Troy	Mcmillan	20010815-0158	2
676	Sybil	Cline	20080414-6134	2
677	Amy	Johnston	20070417-2873	2
678	Ahmed	Holloway	20040313-1532	2
679	Venus	Smith	20020517-2910	2
680	Dorian	Guerra	20080811-2995	2
681	Danielle	Rivas	20070913-4821	2
682	Carly	Merrill	20060817-7636	2
683	Tanisha	Velazquez	20010917-5860	2
684	Stephen	Hodges	20080819-6503	2
685	Carla	Quinn	20050712-5814	2
686	Jameson	Blair	20000711-9656	2
687	Hashim	Barton	20020312-7545	2
688	Harrison	Eaton	20050618-5124	2
689	Levi	Pierce	20000613-3571	2
690	Carol	Barr	20050217-5235	2
691	Kennedy	Cobb	20020715-3086	2
692	Amelia	Tyson	20040618-2429	2
693	Wing	Saunders	20050112-7442	2
694	Wayne	Bridges	20040317-7849	2
695	Clayton	Mason	20010617-3384	2
696	Hilda	Monroe	20070318-9713	2
697	Willa	Mcknight	20000715-7640	2
698	Merrill	Whitley	20010712-5688	2
699	Tatiana	Perez	20020614-0346	2
700	Aretha	Bradshaw	20010514-1303	2
701	Cleo	Moon	20070216-1361	2
702	Asher	Clay	20010312-4861	2
703	Judah	Morse	20070315-2843	2
704	Stewart	Strickland	20060717-6732	2
705	Stephanie	Strong	20090712-7342	2
706	Kaitlin	Nichols	20050717-6515	2
707	Samantha	Martinez	20080715-9284	2
708	Tanya	Farmer	20070318-2439	2
709	Deirdre	Clemons	20080519-2641	2
710	Ignacia	Snow	20050214-8872	2
711	Boris	Baxter	20020317-5142	2
712	Cailin	Willis	20000115-0826	2
713	Joan	Ratliff	20090716-1115	2
714	Alan	Cooper	20010212-5721	2
715	Elvis	Glass	20070417-2338	2
716	Iola	Barlow	20040316-4605	2
717	Noble	Snider	20040419-3562	2
718	Macy	Humphrey	20010311-0223	2
719	Wayne	Santos	20090318-1467	2
720	Charlotte	Jacobs	20030213-2640	2
721	Benedict	Lang	20070318-9617	2
722	Keaton	Arnold	20050416-3870	2
723	Ursa	Butler	20040612-8223	2
724	Dillon	Walker	20040612-6118	2
725	Autumn	Moody	20060416-2743	2
726	Justine	Garrison	20020819-7518	2
727	Katell	Ortega	20010918-6842	2
728	Whitney	Fletcher	20090818-9522	2
729	Ursula	Long	20030118-8767	2
730	Bertha	Berg	20050618-5854	2
731	Chava	Moses	20010214-2703	2
732	Jenna	Morgan	20020217-2111	2
733	Jorden	Bruce	20050818-5149	2
734	Hayfa	Munoz	20030111-7750	2
735	Jade	Ross	20080118-9434	2
736	Tamekah	Roberts	20080114-2121	2
737	Tate	Cline	20070418-0353	2
738	Kevyn	Potts	20070418-2332	2
739	Lionel	Hebert	20050413-5858	2
740	Yasir	Welch	20040414-9942	2
741	Hadassah	Chambers	20020615-9486	2
742	Jaime	Bates	20030517-8674	2
743	Shelley	Mclaughlin	20050612-2952	2
744	Cheyenne	Hughes	20050211-2546	2
745	Geoffrey	Richardson	20080514-4768	2
746	Magee	Warner	20060819-4116	2
747	Glenna	Stephens	20090414-3381	2
748	Carter	Holcomb	20030518-7327	2
749	Baker	Padilla	20030413-2302	2
750	Bradley	Gill	20040516-1979	2
751	Clarke	Fox	20020712-2715	2
752	Jordan	Mercado	20050211-6151	2
753	Cooper	Lawson	20070212-5626	2
754	Adele	Snyder	20070311-5021	2
755	Dylan	Goodman	20040817-7461	2
756	Olivia	Sampson	20030113-5180	2
757	Gretchen	Green	20060516-3881	2
758	Zane	O'connor	20020211-6555	2
759	Ciaran	Edwards	20030515-2217	2
760	Anika	Russell	20030517-3236	2
761	Ima	Bauer	20060319-2345	2
762	Malachi	Bean	20030417-5580	2
763	Lacey	Romero	20080215-8508	2
764	Oliver	Alvarez	20080412-6636	2
765	Lewis	Bradley	20060515-9174	2
766	Tyler	Carter	20050413-8629	2
767	Tamara	Evans	20000711-3877	2
768	Ray	Craig	20060614-2441	2
769	Fritz	Cole	20000713-9913	2
770	Jillian	Rogers	20060317-8573	2
771	Tashya	Reilly	20060715-1701	2
772	Kaitlin	Curtis	20030516-0250	2
773	Renee	Reilly	20020714-3777	2
774	Sage	Randolph	20010314-8217	2
775	Stacy	Burris	20080712-1245	2
776	Coby	Moody	20020718-5973	2
777	Audra	Berg	20090913-1298	2
778	Cora	Sweeney	20060316-7874	2
779	Portia	Holt	20080412-9438	2
780	Marvin	Mitchell	20010415-4313	2
781	Karleigh	Pate	20060718-9344	2
782	Ulric	Rodriquez	20040512-3568	2
783	Amy	Galloway	20060615-4375	2
784	Palmer	Manning	20050218-2998	2
785	Rhea	Dotson	20070513-1148	2
786	Hilda	Mooney	20040414-3673	2
787	Laura	Mcmillan	20090811-7554	2
788	Hilary	Diaz	20010716-1183	2
789	MacKensie	Hewitt	20010711-5246	2
790	Winter	Christensen	20010514-6431	2
791	Basia	Hoffman	20070913-8379	2
792	Rafael	Roach	20040612-5259	2
793	Calvin	Soto	20030217-1533	2
794	Brandon	Carlson	20080811-0540	2
795	Clark	Bentley	20050118-0695	2
796	Fulton	Jimenez	20030313-8258	2
797	Buckminster	Webster	20070613-0874	2
798	Elizabeth	Simon	20020116-7953	2
799	Yoko	Ross	20030312-8484	2
800	Hammett	Simpson	20030312-5828	2
801	Halee	Stuart	20050719-4638	2
802	Kylan	Vega	20030213-9671	2
803	Honorato	Porter	20020716-6891	2
804	Kay	Petersen	20020315-2754	2
805	Kylan	Adkins	20000315-7948	2
806	Gil	Herrera	20060216-7950	2
807	Indira	Velez	20060613-4915	2
808	Jemima	Wilder	20080312-5633	2
809	Xantha	Reyes	20090519-5814	2
810	Hashim	Beck	20030313-8436	2
811	Rylee	Sheppard	20050417-1974	2
812	Laurel	Greene	20060316-8311	2
813	Xyla	Carver	20010912-4113	2
814	Cynthia	Herrera	20070816-8668	2
815	Kyla	Camacho	20070914-0183	2
816	Marny	Watkins	20070513-3742	2
817	Herman	Gross	20080916-1726	2
818	Hop	Wilkinson	20050413-8284	2
819	Ingrid	Case	20050917-8518	2
820	Carter	Wilkerson	20050413-9281	2
821	Olivia	Young	20020318-2329	2
822	Colt	Eaton	20030113-2387	2
823	Lael	Bradley	20030314-5048	2
824	Devin	Durham	20040714-1301	2
825	Laith	Fleming	20010415-6650	2
826	Asher	Snyder	20000311-7867	2
827	Adrian	Mckay	20090916-1244	2
828	Amery	Meyers	20040511-6798	2
829	Giacomo	Keith	20020318-4982	2
830	Bertha	Cochran	20010315-9726	2
831	Virginia	Buchanan	20040816-2381	2
832	Hollee	Bradley	20090215-1627	2
833	Graiden	Kelley	20000712-4865	2
834	Xantha	Briggs	20050319-7225	2
835	Selma	Mcdaniel	20030718-6144	2
836	Aline	Pollard	20010618-5035	2
837	Shay	Slater	20040512-6794	2
838	Craig	Walters	20070218-8242	2
839	Gemma	Fischer	20090118-1348	2
840	Tara	Pickett	20000315-2681	2
841	Rahim	Suarez	20080718-7812	2
842	Rafael	Sweeney	20060212-9589	2
843	Deborah	Curtis	20040617-4836	2
844	Shellie	Garza	20040717-4327	2
845	Joan	Simon	20010116-4526	2
846	Abel	Fulton	20070418-9341	2
847	Ayanna	Jackson	20040612-5213	2
848	Travis	Scott	20020215-8495	2
849	Lacota	Kidd	20000518-2478	2
850	Teagan	Lindsay	20030318-3381	2
851	Samuel	Wilkins	20090813-3561	2
852	Ginger	Hensley	20000514-3251	2
853	Amaya	Aguilar	20030919-8077	2
854	Lavinia	Patterson	20030518-4382	2
855	Inga	Mcneil	20060715-5916	2
856	Giselle	Ferguson	20080816-1933	2
857	Callum	Mckay	20020918-8230	2
858	Talon	Mcgowan	20040714-9618	2
859	Cora	Stewart	20080814-8867	2
860	Chancellor	Kinney	20000512-3132	2
861	Bree	Mosley	20050617-2517	2
862	Laurel	Mckay	20050615-3832	2
863	Colby	Keller	20070815-8849	2
864	Tucker	Bradshaw	20020211-8125	2
865	Randall	Blackburn	20000615-7914	2
866	Lynn	Moon	20050615-3272	2
867	Kimberly	Fisher	20080114-5907	2
868	Kiona	Daugherty	20030217-3693	2
869	Evelyn	Medina	20070517-6294	2
870	Shad	French	20050512-7746	2
871	Celeste	Wheeler	20000515-6964	2
872	Henry	Reilly	20030416-6814	2
873	Madison	Melton	20060716-3312	2
874	Xenos	Sampson	20030115-6180	2
875	Herrod	Cantrell	20060812-4533	2
876	Channing	Lucas	20070514-3271	2
877	Gabriel	Cox	20050813-9749	2
878	Veda	Huber	20070814-9587	2
879	Keely	Church	20010511-0498	2
880	Timon	Ball	20020117-3275	2
881	Lesley	Roberts	20050212-5179	2
882	Adam	Williams	20070811-1205	2
883	Phelan	Carney	20050216-5545	2
884	Regan	Solis	20070917-4473	2
885	Cruz	Gillespie	20070917-2175	2
886	Myles	Nolan	20090718-4385	2
887	Acton	Santiago	20040514-3563	2
888	Jaime	Jennings	20070117-3631	2
889	Timon	Douglas	20070715-6209	2
890	Kevyn	Hahn	20010214-8797	2
891	Conan	Cortez	20040213-1348	2
892	Alexa	Middleton	20050711-4342	2
893	Macey	Benson	20050613-5548	2
894	Raven	Luna	20060615-8388	2
895	Neve	Newton	20000117-4854	2
896	Walter	Hodges	20060212-1937	2
897	Nero	Faulkner	20060318-6395	2
898	Robert	Gutierrez	20040318-5722	2
899	Odysseus	Decker	20030715-5825	2
900	Simon	Gallagher	20040911-1699	2
901	Lucas	Maldonado	20020415-9226	2
902	Brynne	Hendrix	20030511-1364	2
903	Emery	Moreno	20050214-4261	2
904	Malcolm	Tyler	20080212-2457	2
905	Robert	Warren	20040218-4250	2
906	Ross	Kaufman	20040217-5606	2
907	Jolie	Velazquez	20050212-1831	2
908	Joan	Bass	20000518-7388	2
909	Preston	Mendoza	20080716-3338	2
910	Donna	Burnett	20080419-3157	2
911	Lani	Carroll	20030118-4186	2
912	Salvador	Pace	20060217-2651	2
913	Signe	Pratt	20090215-9783	2
914	Yetta	Mccall	20060112-2315	2
915	Caleb	Owens	20080316-2701	2
916	Perry	Bernard	20030214-4169	2
917	Kelly	Pacheco	20030916-5835	2
918	Marah	Sargent	20080313-0843	2
919	Willow	Schwartz	20030112-5627	2
920	Olivia	Pollard	20030114-7161	2
921	Ashely	Dorsey	20090918-0250	2
922	Amber	Wilcox	20040716-5930	2
923	Abigail	Foley	20050515-8626	2
924	Elijah	Wiggins	20050513-0986	2
925	Jolene	Sears	20050916-5580	2
926	Hammett	Owens	20070319-4249	2
927	Porter	Fisher	20070312-4784	2
928	Willa	Ford	20090414-3916	2
929	Neve	Oliver	20070717-8157	2
930	Finn	Norton	20070513-8667	2
931	Kay	Buchanan	20060213-0060	2
932	Raya	Collier	20060719-6196	2
933	Knox	Deleon	20050312-9168	2
934	Ezra	Roth	20070817-3864	2
935	Denise	Pierce	20030617-3361	2
936	Barbara	Clemons	20060515-7783	2
937	Yoshio	Hurst	20030218-2886	2
938	Brenden	Baker	20040313-2431	2
939	Jordan	Lewis	20050215-7266	2
940	Shafira	Hodges	20050112-5240	2
941	Scarlett	Spencer	20020213-7768	2
942	Hyacinth	Burch	20070614-1572	2
943	Richard	Conley	20080511-8763	2
944	Howard	Adkins	20060314-1403	2
945	Dylan	Buckley	20000115-1571	2
946	Finn	Long	20000518-4546	2
947	Clare	Boyle	20020514-3836	2
948	Lee	Flores	20010318-1519	2
949	Candace	Gray	20010318-9836	2
950	Rowan	Hutchinson	20080612-4176	2
951	Neil	May	20040318-2711	2
952	Meredith	Olson	20000112-7427	2
953	Ursa	Mcgowan	20050315-5577	2
954	Hadassah	Navarro	20050414-5463	2
955	Gareth	Hanson	20060814-4134	2
956	Camilla	Terrell	20010413-6724	2
957	Aaron	Cross	20070415-5596	2
958	Demetria	Rojas	20060412-6385	2
959	Mason	Bass	20040819-6658	2
960	Malachi	Richards	20030714-8218	2
961	Sheila	Ramirez	20020516-3526	2
962	Tiger	Charles	20010117-3054	2
963	Ciara	Madden	20060315-2917	2
964	Candace	Skinner	20060418-8415	2
965	Malachi	Perez	20040912-6232	2
966	Aladdin	Boone	20070815-8516	2
967	Marshall	Glover	20010617-1278	2
968	August	Koch	20020618-4607	2
969	Marsden	Nicholson	20080614-6158	2
970	Calista	Davidson	20030615-4268	2
971	Yuli	Goff	20040913-6138	2
972	Whoopi	Stephenson	20040517-0632	2
973	Genevieve	Parks	20010813-3387	2
974	Solomon	West	20040518-6346	2
975	Damian	Holt	20060418-2725	2
976	Tana	Farley	20070815-8172	2
977	Travis	Wyatt	20070413-9476	2
978	Jena	Webster	20070719-2306	2
979	Nyssa	Franco	20060619-9477	2
980	Colby	Luna	20010214-1764	2
981	Chaney	Paul	20040113-6627	2
982	Haley	Simmons	20010316-0686	2
983	Unity	Pitts	20060813-2428	2
984	TaShya	Mcintosh	20050413-6815	2
985	Vernon	Downs	20030611-7239	2
986	Jamalia	Hurst	20080816-9381	2
987	Shelly	Grant	20060816-5626	2
988	Wynter	Murphy	20080615-7129	2
989	Clinton	Gibson	20060218-8688	2
990	Ella	Kaufman	20080415-3623	2
991	Gary	Roberts	20070114-8732	2
992	Arden	Allison	20070917-8886	2
993	Shafira	Cortez	20060813-9807	2
994	Dante	Alvarado	20060212-3548	2
995	Jesse	Allen	20080217-9658	2
996	Connor	Burt	20030118-6049	2
997	Kathleen	Miranda	20040516-1562	2
998	Aladdin	Hardin	20060611-9848	2
999	MacKenzie	Wynn	20050717-9779	2
1000	Yasir	Moreno	20010812-3167	2
1001	September	Boyer	20070719-3333	2
1002	MacKenzie	Smith	20080615-4306	2
1003	Slade	Doyle	20060819-6567	2
1004	Aquila	Cochran	20060518-8316	2
1005	Keefe	Castaneda	20010614-8287	2
1006	Isaac	Oneal	20000814-0288	2
1007	Ciara	Bolton	20090216-6922	2
1008	Simone	Whitehead	20060718-2363	2
1009	Orla	Meadows	20040416-3432	2
1010	Kenyon	Solis	20070918-7181	2
\.


--
-- Data for Name: role; Type: TABLE DATA; Schema: public; Owner: postgres
--

COPY public.role (id, type) FROM stdin;
1	recruiter
2	applicant
\.


--
-- Name: applicant_availability_id_seq; Type: SEQUENCE SET; Schema: public; Owner: postgres
--

SELECT pg_catalog.setval('public.applicant_availability_id_seq', 20862, true);


--
-- Name: application_id_seq; Type: SEQUENCE SET; Schema: public; Owner: postgres
--

SELECT pg_catalog.setval('public.application_id_seq', 6487, true);


--
-- Name: application_status_id_seq; Type: SEQUENCE SET; Schema: public; Owner: postgres
--

SELECT pg_catalog.setval('public.application_status_id_seq', 1, true);


--
-- Name: competence_id_seq; Type: SEQUENCE SET; Schema: public; Owner: postgres
--

SELECT pg_catalog.setval('public.competence_id_seq', 3, true);


--
-- Name: job_id_seq; Type: SEQUENCE SET; Schema: public; Owner: postgres
--

SELECT pg_catalog.setval('public.job_id_seq', 1, true);


--
-- Name: login_info_id_seq; Type: SEQUENCE SET; Schema: public; Owner: postgres
--

SELECT pg_catalog.setval('public.login_info_id_seq', 1010, true);


--
-- Name: person_id_seq; Type: SEQUENCE SET; Schema: public; Owner: postgres
--

SELECT pg_catalog.setval('public.person_id_seq', 1010, true);


--
-- Name: role_id_seq; Type: SEQUENCE SET; Schema: public; Owner: postgres
--

SELECT pg_catalog.setval('public.role_id_seq', 2, true);


--
-- Name: applicant_availability applicant_availability_pkey; Type: CONSTRAINT; Schema: public; Owner: postgres
--

ALTER TABLE ONLY public.applicant_availability
    ADD CONSTRAINT applicant_availability_pkey PRIMARY KEY (id);


--
-- Name: job available_job_pkey; Type: CONSTRAINT; Schema: public; Owner: postgres
--

ALTER TABLE ONLY public.job
    ADD CONSTRAINT available_job_pkey PRIMARY KEY (id);


--
-- Name: application job_application_pkey; Type: CONSTRAINT; Schema: public; Owner: postgres
--

ALTER TABLE ONLY public.application
    ADD CONSTRAINT job_application_pkey PRIMARY KEY (id);


--
-- Name: application_status job_application_status_pkey; Type: CONSTRAINT; Schema: public; Owner: postgres
--

ALTER TABLE ONLY public.application_status
    ADD CONSTRAINT job_application_status_pkey PRIMARY KEY (id);


--
-- Name: competence job_pkey; Type: CONSTRAINT; Schema: public; Owner: postgres
--

ALTER TABLE ONLY public.competence
    ADD CONSTRAINT job_pkey PRIMARY KEY (id);


--
-- Name: login_info login_info_pkey; Type: CONSTRAINT; Schema: public; Owner: postgres
--

ALTER TABLE ONLY public.login_info
    ADD CONSTRAINT login_info_pkey PRIMARY KEY (id);


--
-- Name: person peson_pkey; Type: CONSTRAINT; Schema: public; Owner: postgres
--

ALTER TABLE ONLY public.person
    ADD CONSTRAINT peson_pkey PRIMARY KEY (id);


--
-- Name: role role_pkey; Type: CONSTRAINT; Schema: public; Owner: postgres
--

ALTER TABLE ONLY public.role
    ADD CONSTRAINT role_pkey PRIMARY KEY (id);


--
-- Name: application_status application_id; Type: FK CONSTRAINT; Schema: public; Owner: postgres
--

ALTER TABLE ONLY public.application_status
    ADD CONSTRAINT application_id FOREIGN KEY (application_id) REFERENCES public.application(id);


--
-- Name: applicant_availability application_id; Type: FK CONSTRAINT; Schema: public; Owner: postgres
--

ALTER TABLE ONLY public.applicant_availability
    ADD CONSTRAINT application_id FOREIGN KEY (application_id) REFERENCES public.application(id) NOT VALID;


--
-- Name: application competence_id; Type: FK CONSTRAINT; Schema: public; Owner: postgres
--

ALTER TABLE ONLY public.application
    ADD CONSTRAINT competence_id FOREIGN KEY (competence_id) REFERENCES public.competence(id);


--
-- Name: competence job_id; Type: FK CONSTRAINT; Schema: public; Owner: postgres
--

ALTER TABLE ONLY public.competence
    ADD CONSTRAINT job_id FOREIGN KEY (job_id) REFERENCES public.job(id);


--
-- Name: login_info person_id; Type: FK CONSTRAINT; Schema: public; Owner: postgres
--

ALTER TABLE ONLY public.login_info
    ADD CONSTRAINT person_id FOREIGN KEY (person_id) REFERENCES public.person(id);


--
-- Name: applicant_availability person_id; Type: FK CONSTRAINT; Schema: public; Owner: postgres
--

ALTER TABLE ONLY public.applicant_availability
    ADD CONSTRAINT person_id FOREIGN KEY (person_id) REFERENCES public.person(id);


--
-- Name: application person_id; Type: FK CONSTRAINT; Schema: public; Owner: postgres
--

ALTER TABLE ONLY public.application
    ADD CONSTRAINT person_id FOREIGN KEY (person_id) REFERENCES public.person(id);


--
-- Name: application_status person_id; Type: FK CONSTRAINT; Schema: public; Owner: postgres
--

ALTER TABLE ONLY public.application_status
    ADD CONSTRAINT person_id FOREIGN KEY (recruiter_id) REFERENCES public.person(id);


--
-- Name: person role_id; Type: FK CONSTRAINT; Schema: public; Owner: postgres
--

ALTER TABLE ONLY public.person
    ADD CONSTRAINT role_id FOREIGN KEY (role_id) REFERENCES public.role(id);


--
-- PostgreSQL database dump complete
--

